data,wl,model_comp50
0.27327294418934184,15808.994992546399,0.27337232076762297
0.29618387397361245,15809.110087217134,0.27354922968101136
0.270062285097105,15809.225165936763,0.2737526955502986
0.25720342072142227,15809.340228711759,0.2741706189173613
0.2712453213316559,15809.455275548598,0.2748601763872772
0.28548232827435327,15809.570306453736,0.27566381033894166
0.2926178389140008,15809.685321433653,0.2762964090721634
0.29093464830746346,15809.800320494813,0.2765207258750948
0.29046785285165416,15809.915303643687,0.2763897090473134
0.26562391964375187,15810.03027088673,0.27612452702535883
0.27533776030537305,15810.145222230425,0.275879418585449
0.2844663942573314,15810.26015768122,0.2757603224497639
0.27993425614021544,15810.375077245573,0.2757965522120799
0.27317887836778665,15810.48998092996,0.27592449694486454
0.26546523292435475,15810.604868740837,0.27606118204512076
0.2702896810070408,15810.719740684654,0.2760820506076708
0.2760034032026663,15810.83459676788,0.275659256589963
0.2823472765392839,15810.949436996962,0.2743750289085799
0.26226634185707554,15811.064261378362,0.2721424953448439
0.2618263552133016,15811.179069918537,0.26942031934347493
0.2775341224754489,15811.293862623934,0.2669607475672786
0.29021720316558663,15811.408639501013,0.26525097235715067
0.2763503277458528,15811.523400556212,0.2644728135462456
0.27797801683254564,15811.638145795996,0.2645947013446095
0.2943210634941187,15811.752875226806,0.26549526141871127
0.2901058702481984,15811.867588855093,0.2670464652163316
0.2780538278735736,15811.982286687306,0.26884600312580076
0.2758281275966185,15812.096968729878,0.2702726691576708
0.26575705539506894,15812.211634989271,0.27052384146979064
0.2752523825062362,15812.326285471923,0.26908882655637933
0.27421870898675493,15812.440920184272,0.2664336498749603
0.27646592080146803,15812.555539132763,0.2630912518948403
0.27068489614410784,15812.670142323836,0.259697992401376
0.26151903667494625,15812.78472976393,0.2569047193918141
0.259424407141098,15812.899301459483,0.25518211343910574
0.2737169876564369,15813.013857416938,0.2549261008252449
0.2777980186147075,15813.128397642717,0.2564059018437699
0.26718318554411247,15813.242922143269,0.25955712973121936
0.26998163019080507,15813.357430925023,0.26368279132357275
0.2726173703244023,15813.471923994408,0.26783660126252185
0.25813096136168256,15813.586401357861,0.27116179844434535
0.26786691493856235,15813.700863021813,0.27313874834313484
0.24767324810541877,15813.815308992687,0.27371902250948066
0.262656676773697,15813.929739276924,0.2732170500563909
0.2657858234774072,15814.044153880934,0.2720776337467018
0.2807745998947733,15814.158552811155,0.27076041352202546
0.2806486479331539,15814.272936074012,0.2697274652456383
0.27677739412212693,15814.387303675921,0.26929521460019074
0.26880206743702983,15814.501655623317,0.269558277163935
0.27836307594527787,15814.615991922605,0.27042683834819164
0.2953312040077242,15814.730312580225,0.2716818644545326
0.2865340089099219,15814.844617602581,0.27306441193680325
0.25019834393820845,15814.958906996104,0.27433749885151054
0.2556141739431012,15815.073180767205,0.2753047075724605
0.24452284319813883,15815.187438922298,0.275859129563252
0.23834134755340303,15815.301681467801,0.27603115329072975
0.2690850754655449,15815.415908410128,0.27599465417416824
0.28188046957426544,15815.530119755698,0.27591786396375595
0.2743814825795689,15815.644315510915,0.275840859660962
0.2852961186961028,15815.758495682196,0.2756760078326986
0.27468888634596783,15815.872660275947,0.2752485885401149
0.26074523072262373,15815.986809298574,0.2744553247161208
0.26796533245520676,15816.100942756495,0.273467398377528
0.2515507164838162,15816.215060656103,0.2725341591762727
0.24106326135146205,15816.329163003807,0.27160020528994083
0.2353632912739737,15816.44324980602,0.2703243524609414
0.24051548900729577,15816.557321069142,0.26882934508020667
0.24225907578287068,15816.67137679957,0.2672765006599902
0.23227254077640028,15816.785417003712,0.26579821232154544
0.22405735773616559,15816.899441687958,0.26469949449659114
0.21147115257340654,15817.013450858722,0.2641032449749739
0.22499542020258345,15817.127444522384,0.26380953608920377
0.24797833574460715,15817.241422685356,0.26409045917947865
0.2605637461054869,15817.355385354023,0.26523259797989307
0.2501831275506387,15817.469332534793,0.2669073010047921
0.2498533569637555,15817.583264234043,0.2687634532992143
0.2571236017768271,15817.697180458172,0.27053436530959496
0.2653157132047072,15817.811081213578,0.2719821104031853
0.2632518060233214,15817.924966506645,0.27290395480454716
0.2616855048164484,15818.038836343758,0.2733716594695552
0.25963495602544767,15818.152690731311,0.27341533335039114
0.2568793331818167,15818.266529675691,0.27326996583455626
0.2674058213306849,15818.380353183287,0.27330769196900284
0.27157858342282337,15818.494161260473,0.2735289652552577
0.268294795951223,15818.607953913644,0.27379477527797896
0.26724023226315924,15818.721731149173,0.27396664540505816
0.26011654802288475,15818.835492973449,0.27396385732354517
0.2751283084711129,15818.949239392854,0.2736765686376509
0.2794056811856835,15819.062970413754,0.272895055092861
0.26825787542416196,15819.176686042538,0.2713540671373946
0.27699646732131306,15819.290386285582,0.269126733968351
0.2627236855239308,15819.404071149265,0.2666912497620336
0.27219142030513166,15819.517740639956,0.26465137802392996
0.2827887871828945,15819.63139476403,0.26344160330969846
0.2735391873983984,15819.745033527866,0.2632268913271652
0.2706969455832362,15819.858656937822,0.2639122580592809
0.26383467345893247,15819.972265000279,0.2652876352940714
0.2711502665972908,15820.085857721611,0.2671263782460056
0.27165111891897287,15820.199435108168,0.2690392153842768
0.2560211852923239,15820.312997166338,0.2704023434935365
0.2763483082708139,15820.426543902482,0.27080858341182107
0.2847709224090273,15820.540075322951,0.27047407950406455
0.28518466594730024,15820.653591434128,0.26999064907781045
0.26634777091656536,15820.76709224236,0.26980334495978914
0.2636853216235447,15820.880577754022,0.2699594253013836
0.26001228021171674,15820.994047975468,0.2702009378846014
0.2578821878228814,15821.107502913059,0.2702799011940152
0.26199192062403676,15821.220942573153,0.2702825517303769
0.26635509219589637,15821.334366962103,0.27033388089603644
0.2642383354008287,15821.44777608628,0.27022045641045267
0.25456933031087187,15821.56116995202,0.2697308520810818
0.2640210542921917,15821.674548565694,0.2688592346153211
0.26376472936953327,15821.78791193364,0.26784962392019734
0.26909801531220423,15821.901260062223,0.2670648757165019
0.27274798168675707,15822.01459295779,0.2667129871171035
0.260218119720152,15822.127910626685,0.26668471254536324
0.26621526336155127,15822.241213075264,0.26679725660610865
0.272680054363868,15822.35450030987,0.26693878616312605
0.2634184958520181,15822.467772336855,0.26698453252184223
0.26909129410643057,15822.581029162557,0.26664048592398193
0.2681420938247759,15822.694270793329,0.2652821018415386
0.25134751148655743,15822.807497235506,0.2621121103963857
0.2441741993131137,15822.920708495432,0.25724051300168754
0.2589820455217289,15823.033904579457,0.2520863313548126
0.25037068237689325,15823.147085493909,0.24815000154960573
0.24246014360852858,15823.260251245129,0.24610056367306465
0.24858594392045547,15823.373401839464,0.24602410007079165
0.2452285917161494,15823.48653728324,0.24773241188660808
0.2487971058951682,15823.5996575828,0.2506879975413408
0.2470535100970451,15823.712762744475,0.2540181133097343
0.24184318164947793,15823.825852774595,0.2563870495483617
0.2502162431727983,15823.938927679505,0.25633296104126646
0.23212754420185178,15824.051987465517,0.25280948656377367
0.21946141074997869,15824.16503213898,0.24523846872852928
0.23107309577184312,15824.278061706214,0.23378664030230112
0.21922808746952785,15824.391076173546,0.21969925131169887
0.18222238966385432,15824.504075547307,0.20535104493342127
0.18588708476306753,15824.617059833825,0.1933580488667357
0.18853634939326408,15824.730029039414,0.1857387299685007
0.1748606744771126,15824.842983170407,0.18360795257792317
0.18077232225800066,15824.955922233117,0.18716226141579392
0.18564628528643123,15825.068846233882,0.195590723002606
0.19724511963428218,15825.181755179005,0.2068539236189343
0.21394175520819358,15825.29464907482,0.21827281371232463
0.2187668717929896,15825.407527927633,0.2278588802749772
0.2272101959317718,15825.520391743763,0.2349902770002496
0.2124621198988147,15825.633240529538,0.2400701015919929
0.21522259330916868,15825.746074291263,0.24401693779117722
0.22186493182616934,15825.858893035249,0.24771206079383745
0.22533506865779074,15825.971696767814,0.2517276191074638
0.23864082518856852,15826.084485495265,0.2563179702788735
0.24304151787862915,15826.197259223924,0.26119240663355997
0.2517690012495323,15826.31001796008,0.265495355272802
0.25686288592738,15826.422761710062,0.26845997948964234
0.2568928244859721,15826.53549048017,0.2697597676774933
0.26349719520017106,15826.64820427671,0.26962134102651025
0.2602073962803927,15826.760903105978,0.26853793767054895
0.263492340409858,15826.87358697429,0.2668372915398442
0.2662069059061635,15826.986255887945,0.264745474734733
0.26364331132600294,15827.098909853246,0.2626658722934464
0.2680558472301392,15827.2115488765,0.2611002294240434
0.2690487668213298,15827.324172963989,0.26027623317483484
0.28103695687200736,15827.436782122024,0.2599931611785393
0.2863219868810022,15827.5493763569,0.25989056823916
0.28235304025570773,15827.661955674914,0.2595045348190208
0.26645315165791084,15827.774520082357,0.2584360618362199
0.26545925630023576,15827.887069585533,0.25621213802470444
0.2662347572932419,15827.999604190727,0.2527544323113897
0.25349765310291394,15828.112123904235,0.24852388615129706
0.23260900853230204,15828.224628732345,0.24447885749782058
0.23307240594057108,15828.337118681351,0.24172208929805616
0.24180935877383897,15828.449593757532,0.24075234993886593
0.24276828009621387,15828.562053967187,0.2413456863262893
0.24667832250709645,15828.674499316592,0.2422191707500974
0.24186221563883212,15828.786929812046,0.2417636149111913
0.24142186157951445,15828.899345459819,0.23812178143049373
0.23064878136794856,15829.01174626621,0.23056905998885951
0.22363741015563443,15829.124132237488,0.2205597689888316
0.20646403123529639,15829.236503379929,0.21097371571332452
0.19689265138775863,15829.348859699832,0.2043167517369156
0.19354571399062065,15829.461201203463,0.20192193143020343
0.20903846282185212,15829.5735278971,0.20423359787848522
0.22640221108155587,15829.685839787024,0.21104582317530085
0.23596139835213695,15829.79813687951,0.22146960966381143
0.24559219952823466,15829.910419180833,0.23381510777047054
0.2517888970423333,15830.022686697266,0.24502549110863658
0.25237165223683455,15830.134939435082,0.25261621169387
0.26847115944745964,15830.24717740054,0.2561141726248321
0.2706289125469242,15830.359400599931,0.25680654166742495
0.27342643394605104,15830.471609039509,0.2563194389846896
0.2636215208054372,15830.583802725549,0.25566674612581847
0.2532567050102585,15830.695981664316,0.25528244903832487
0.24684856033657449,15830.808145862076,0.2554382838243848
0.25882864165660646,15830.920295325088,0.256523198550457
0.26881558171643094,15831.032430059626,0.258906197718604
0.2666759723460034,15831.144550071947,0.2623157840090023
0.2682663947341924,15831.256655368314,0.26595552991426147
0.2659446879970538,15831.368745954986,0.26899660190021296
0.26295868577883597,15831.480821838215,0.27103442631624547
0.2735792770720693,15831.592883024272,0.2720506480941619
0.2821574065999226,15831.704929519408,0.27193769976381293
0.28579988922740873,15831.816961329883,0.27080564123510836
0.2733460874849274,15831.928978461945,0.26929355242345576
0.263410279633006,15832.040980921856,0.2681091145136726
0.2558323078868035,15832.152968715862,0.2675621062123307
0.24252885634314678,15832.264941850213,0.26756437526181565
0.2570184141873938,15832.376900331163,0.2679067511149756
0.2445834038823685,15832.48884416497,0.26833215239944086
0.2552030944648196,15832.60077335786,0.26875140482618837
0.26602159367869194,15832.712687916108,0.2693063147812431
0.27388837601401794,15832.824587845937,0.2698792734950694
0.28903539591135397,15832.936473153608,0.2702743811693256
0.3245346765876058,15833.048343845352,0.2704739509106233
0.34695539592057334,15833.160199927423,0.27063114701325763
0.26277054497670765,15833.272041406053,0.2708323904203646
0.2448536914685161,15833.383868287492,0.2711148907129566
0.26697903220358493,15833.495680577978,0.27142595082060916
0.26735375041846526,15833.607478283744,0.27157113996876187
0.2653973294529473,15833.719261411028,0.2714193559461973
0.2549010330757416,15833.831029966068,0.2710608712294397
0.25211686029250513,15833.942783955106,0.2707337226663344
0.257385101580771,15834.054523384364,0.2705942954015963
0.2646886336066052,15834.166248260084,0.27064365001185825
0.2772728417735913,15834.277958588495,0.2707405430973375
0.2681629989417797,15834.389654375822,0.27064572619179683
0.26439928555148046,15834.501335628305,0.2701244321961817
0.2710625751850498,15834.613002352176,0.26913595162069565
0.2731495272476227,15834.724654553645,0.2678524625947106
0.2735194065484277,15834.83629223895,0.26594114711319544
0.27620057207294324,15834.94791541432,0.2631840680535609
0.27564772273316246,15835.059524085971,0.2599298944412019
0.25887183336517666,15835.171118260125,0.2571265729422353
0.2629672825422407,15835.282697943016,0.2557054970348558
0.2576302573309365,15835.394263140852,0.25574597884320777
0.2560146335733302,15835.505813859863,0.2565640411409146
0.2630735506765969,15835.617350106262,0.2571071841064806
0.2551355839823107,15835.728871886267,0.25731477118946144
0.2561507338189662,15835.840379206098,0.25823604720536886
0.2594661961225935,15835.951872071962,0.259874857127704
0.2658785455021523,15836.063350490089,0.2621175144879379
0.2634485867577587,15836.174814466682,0.26456063153496256
0.2587418898382893,15836.286264007951,0.2667952547465951
0.26266238741502884,15836.39769912011,0.2685512007564737
0.2691194088574948,15836.509119809374,0.269689648341737
0.27470292905928506,15836.62052608195,0.2702501364889539
0.2687252536297714,15836.73191794404,0.2705249285340806
0.27286799134545986,15836.843295401855,0.2708304180283134
0.2685424369986628,15836.954658461606,0.2712457832236354
0.2780182366439023,15837.066007129484,0.2716116576549537
0.285471885493711,15837.177341411705,0.27147408907660725
0.28142272951454295,15837.288661314467,0.2704756516392598
0.2734435614226169,15837.399966843976,0.2688229872858675
0.2723724268576123,15837.511258006427,0.26701342452002524
0.270815384640529,15837.622534808015,0.2655446370404296
0.2777580128878817,15837.733797254947,0.2647268891564893
0.27227538823798036,15837.845045353415,0.2646267553856737
0.26724319976106886,15837.956279109621,0.2651692970355786
0.26592508955032873,15838.06749852975,0.26620772163762163
0.2667975472267617,15838.178703620011,0.2676503586215518
0.2739132167545555,15838.289894386578,0.26921876312405163
0.26712143276026096,15838.401070835656,0.2705036638168965
0.2659743320395418,15838.51223297343,0.27124903002196205
0.27053824497347,15838.623380806082,0.27133982065045625
0.2656940137290852,15838.734514339823,0.27077593979606207
0.2651360961987011,15838.845633580815,0.26965770774863623
0.2579202787374837,15838.956738535257,0.2681422732767828
0.2568569101077039,15839.06782920934,0.26637308120320746
0.2526974683867096,15839.178905609233,0.2644202108033244
0.25981142993351475,15839.289967741126,0.2623540538503643
0.2629282383204632,15839.401015611204,0.26016514074295066
0.2557994109939865,15839.51204922564,0.2576122685532077
0.253797583026317,15839.623068590618,0.254152418683757
0.24383499685230345,15839.73407371232,0.2491811126397903
0.23830116597587178,15839.845064596913,0.24257274697338563
0.23890826976940302,15839.95604125059,0.23500963622639423
0.21366935065189716,15840.067003679518,0.22784384801589092
0.20291857776168526,15840.17795188986,0.22247825155930934
0.20642558981968134,15840.288885887801,0.21988887723648254
0.20815036461221145,15840.399805679508,0.2206416080244639
0.20385196518398216,15840.51071127116,0.22468406295474047
0.2145041636343915,15840.621602668916,0.23121384492516592
0.23344680990954475,15840.732479878949,0.2387685893587635
0.24356294537521125,15840.843342907434,0.2456085117309803
0.2401077178714127,15840.954191760526,0.2503863820611736
0.23703797606547639,15841.065026444394,0.25256921381370956
0.24357940077945497,15841.175846965205,0.25207276772393106
0.23919006913731009,15841.286653329124,0.24892104227502446
0.22476164374849666,15841.397445542303,0.2434369068604179
0.21691432886494422,15841.508223610916,0.2366813551557944
0.21597781285484785,15841.618987541115,0.2302685187425233
0.20067397803209117,15841.72973733906,0.22584572319380225
0.2019672495703104,15841.840473010909,0.22505365703806549
0.20062143547328887,15841.951194562818,0.22809613344502627
0.20865683921397618,15842.061902000944,0.2342391523444904
0.2153997457977995,15842.17259533144,0.2422288433028601
0.22765879048657886,15842.283274560463,0.2505419977547363
0.2428158789489939,15842.393939694162,0.25782078823861326
0.2462790327875928,15842.504590738687,0.26337523564997345
0.2446490807056114,15842.615227700191,0.26712350336200985
0.25061685763734637,15842.725850584828,0.2688217388986083
0.2472007219525539,15842.836459398732,0.26822893154394856
0.23863194744109076,15842.947054148055,0.2655476232226581
0.24537737146067282,15843.057634838953,0.26118324353535116
0.24636113845940857,15843.168201477565,0.2559805294428453
0.25571515109524984,15843.278754070026,0.2508476606358703
0.2479753608786411,15843.389292622487,0.2464431343852987
0.24931862934809204,15843.499817141092,0.24319967555035513
0.24533120942691977,15843.61032763197,0.2412151404099956
0.23917518400269958,15843.720824101272,0.24012861860963092
0.23882159750673926,15843.831306555127,0.2396254259782678
0.23978836848684584,15843.941774999677,0.23944487849466925
0.23386544487549946,15844.052229441062,0.23940881409388035
0.22798619244475393,15844.162669885409,0.23953686592351692
0.22611113285878043,15844.27309633885,0.24035338260133135
0.22798656572110093,15844.383508807527,0.24231106390350057
0.23049211581106527,15844.493907297569,0.2457045087042784
0.2398100254158684,15844.604291815098,0.2505613317747713
0.2465772954536882,15844.714662366257,0.256259614574547
0.25000689295692496,15844.825018957163,0.26160733942071285
0.2578747327990104,15844.935361593945,0.2656162340673764
0.26894993583004045,15845.045690282737,0.2681259578497386
0.26662562021190395,15845.156005029658,0.269422462848527
0.2647046521036125,15845.266305840825,0.26965780858108446
0.27369495339698713,15845.376592722376,0.2691839286032504
0.2734361549952448,15845.486865680421,0.26828946443090496
0.27495553406624323,15845.597124721082,0.2672761028963588
0.27573895994332076,15845.707369850483,0.2664662407546211
0.27203443674424627,15845.817601074748,0.26609987249364714
0.2724058695210816,15845.927818399976,0.26621153220132887
0.26879717231362915,15846.038021832303,0.2666915969152446
0.27738221353981585,15846.14821137783,0.26745523825337636
0.2741793052063495,15846.258387042672,0.2684350334959663
0.2641457759010069,15846.368548832956,0.2694807573958902
0.2518511329444598,15846.478696754775,0.27033481478065613
0.2435950503560377,15846.588830814253,0.2707666038843396
0.23614893305176066,15846.698951017497,0.2707992252304609
0.2515061987107473,15846.809057370614,0.2704650516411166
0.25310144345634766,15846.919149879715,0.26969803960687905
0.2532007822254676,15847.0292285509,0.26863367351780193
0.2549201307222694,15847.13929339028,0.2675590264199799
0.26308379214473004,15847.24934440395,0.2668118683956156
0.2776259881511481,15847.359381598026,0.2666753826623939
0.28125481425996907,15847.469404978603,0.26723280756258844
0.28458086010206446,15847.579414551792,0.2682242997233917
0.28127783931125294,15847.689410323674,0.2691374249251234
0.2600771239265323,15847.79939230036,0.26986956866673056
0.26767050872983883,15847.909360487953,0.2704462144913108
0.26555107231396907,15848.019314892532,0.27081657028604295
0.27695804408183655,15848.129255520205,0.27102757648180575
0.28577220175631984,15848.239182377069,0.2711642084628334
0.2727186552907028,15848.349095469208,0.2712976867570522
0.2776704416291382,15848.45899480272,0.27146177642289826
0.2843743619330796,15848.568880383702,0.27165361961849516
0.2696273541244102,15848.678752218228,0.27182599165606885
0.2718051841157823,15848.7886103124,0.27183533303810115
0.2690106164695668,15848.898454672304,0.27153723019752396
0.278849132141498,15849.008285304022,0.2709100194967259
0.2779727727147477,15849.118102213648,0.2700657256685618
0.2736298193766982,15849.227905407259,0.26913108051808604
0.26370531389082236,15849.337694890935,0.2681415264055624
0.2619992155793971,15849.44747067077,0.2670899187874106
0.2615600659340637,15849.55723275284,0.2659907405249245
0.26439189926961953,15849.666981143222,0.26489100909699054
0.2629802521766032,15849.776715848004,0.263915617758574
0.2665154063147735,15849.886436873252,0.2632182095058763
0.2540276274752592,15849.99614422505,0.2628528366290141
0.2568852460478472,15850.105837909476,0.26269388335673627
0.26319818570563713,15850.215517932598,0.26251606865539684
0.2648816046829552,15850.325184300496,0.26207481409782113
0.26588692404592773,15850.434837019242,0.2613174736841932
0.2682822867326822,15850.544476094909,0.26047830238038977
0.27100721253235216,15850.65410153355,0.25991005146085305
0.27363098808047376,15850.763713341263,0.2597105294065212
0.27486541569874895,15850.873311524096,0.2598156744136862
0.2678125899256702,15850.982896088119,0.2603225615528619
0.2729049190411789,15851.092467039409,0.26141647342460383
0.2777554317758408,15851.202024384014,0.26310353934198605
0.2702200155567944,15851.311568128018,0.2649220503480171
0.2667043837771537,15851.42109827746,0.26596449630090097
0.26484990974373424,15851.530614838422,0.2655608314859228
0.26913428342017914,15851.640117816954,0.2638200718055419
0.26667134335665726,15851.749607219122,0.2613042317860502
0.2677858563519617,15851.859083050986,0.2584979778535104
0.2644039859680496,15851.968545318585,0.25593762358173555
0.25995154817010513,15852.077994027995,0.2543003337155882
0.259138427421399,15852.187429185267,0.2541034198919392
0.2629405569180563,15852.296850796452,0.255235242085022
0.2597627218685191,15852.406258867597,0.2573668992271455
0.26617142585112824,15852.515653404771,0.26010541168148654
0.26591283612325234,15852.625034414008,0.2631444428630812
0.2710348049040729,15852.734401901369,0.2661969324370492
0.274326705755662,15852.84375587289,0.2688108091282981
0.2790547408109093,15852.953096334631,0.2705079317944701
0.27561324514998226,15853.062423292637,0.27113539997173397
0.2748122105541414,15853.171736752947,0.27099678380553743
0.2759678839157757,15853.281036721606,0.2705111227131412
0.27389372609907314,15853.39032320466,0.2699619464068219
0.26248958490623636,15853.499596208154,0.2696753610486237
0.2673736887288306,15853.608855738124,0.2697898369491696
0.27796670432977433,15853.718101800609,0.2702829507188192
0.27887436405036076,15853.82733440165,0.27099198409534225
0.274717174053337,15853.936553547292,0.27167410783491924
0.2730863469591947,15854.04575924356,0.2721463669852814
0.2675459986982001,15854.154951496494,0.2723940757366838
0.2632490633477013,15854.26413031213,0.2725803957002293
0.261423975447156,15854.373295696489,0.2726448004148717
0.2686277262685448,15854.482447655624,0.2725787384515175
0.2695092297133958,15854.591586195556,0.2725030307783668
0.2705500486755088,15854.700711322315,0.2724851474227753
0.2699198190481862,15854.809823041933,0.2725092205212713
0.2710212199501386,15854.918921360428,0.2724596577137
0.26706450772856927,15855.028006283836,0.2721646364911525
0.2695197504821993,15855.137077818183,0.2714885485329571
0.26949514319016393,15855.246135969484,0.27039709091571384
0.26959847270663445,15855.355180743776,0.26906895194596575
0.27083648744134065,15855.464212147075,0.2677940478122646
0.26829753042251075,15855.573230185402,0.26675042243458863
0.26390735148534933,15855.682234864775,0.26614818453466843
0.26416483826201825,15855.791226191215,0.2662118274474269
0.2684632132567361,15855.900204170748,0.26701536539542514
0.2689704732711966,15856.009168809378,0.26843674766159487
0.27242221362344354,15856.11812011313,0.27017634371156535
0.2745715670417816,15856.227058088012,0.2718247084717271
0.2730723732605235,15856.335982740042,0.2729577706787551
0.27684755598944555,15856.444894075232,0.27338953908029395
0.27258948340388106,15856.553792099594,0.27325935276711083
0.27524865867854326,15856.662676819133,0.272410389436113
0.27675968756308544,15856.771548239867,0.27070078564263444
0.2803187640982123,15856.880406367796,0.2684410750785003
0.27494404812684464,15856.989251208941,0.26618515066005544
0.2728981904472363,15857.098082769293,0.2644469095064462
0.2742962771512493,15857.206901054858,0.26351896051493634
0.27923560912748696,15857.315706071651,0.26349159055841354
0.27548589092337383,15857.42449782566,0.2643357725932332
0.27572174573846175,15857.533276322902,0.26593543551760523
0.26957883053612836,15857.642041569368,0.26810397268567177
0.2674782526348694,15857.750793571055,0.2703057560732171
0.27594496951237846,15857.859532333974,0.271917674036619
0.27678782466839646,15857.968257864108,0.27265114564144477
0.2746648680013311,15858.07697016746,0.2726214830085299
0.274071559825823,15858.185669250031,0.27219313983431703
0.2701355431816289,15858.294355117803,0.2716990292945327
0.27043737012624464,15858.403027776774,0.27129234988709894
0.26855474601948287,15858.511687232938,0.27099792655573307
0.26439179270268615,15858.620333492287,0.27076030632241044
0.26497437906938504,15858.728966560802,0.2704513308604575
0.267124254268652,15858.837586444486,0.2698812968955149
0.26503054816282745,15858.94619314931,0.26886587021710573
0.2647743169826192,15859.054786681272,0.267352148362059
0.2630846644739222,15859.163367046354,0.26543373053395103
0.26038107376814185,15859.271934250544,0.26314374336902757
0.25589438666008063,15859.380488299812,0.26032943359859845
0.2548852651814039,15859.489029200158,0.25696595695162655
0.2536762959289402,15859.59755695755,0.2535012142258961
0.24467283987375235,15859.70607157797,0.2506833185833527
0.23835429788772172,15859.814573067399,0.2490646531774364
0.23751782543600877,15859.92306143182,0.24870418818017845
0.24452947929253316,15860.031536677201,0.24922695194153047
0.2527017484121424,15860.139998809522,0.25020389139829086
0.25464390580921054,15860.248447834749,0.2513783846765051
0.26341636876489066,15860.356883758872,0.25266492800091533
0.26840736142854776,15860.465306587843,0.2538463408934012
0.2675419982244861,15860.573716327655,0.2545403149610344
0.2688359896932459,15860.682112984257,0.2546979888521773
0.2689002900405976,15860.79049656363,0.25484757849524053
0.2613688078776227,15860.898867071739,0.25569484994745373
0.2696914232850038,15861.007224514551,0.257619684044038
0.2691878826888354,15861.115568898034,0.2604915261391255
0.2674975967775689,15861.223900228155,0.26378856940628914
0.27204776375494805,15861.332218510868,0.2668733733437051
0.26915840560412974,15861.440523752133,0.26935026554676295
0.26755396971395196,15861.548815957929,0.27116400123877843
0.27241535997406563,15861.6570951342,0.27237534141290654
0.26883733181544506,15861.765361286909,0.27299243591929956
0.26824121917712385,15861.87361442202,0.27302118231321243
0.27447311647428535,15861.981854545485,0.27258980269547955
0.279618946920218,15862.090081663262,0.27194659601982624
0.27463361188337887,15862.198295781302,0.271362389813575
0.27273551654719186,15862.306496905561,0.2708701876838242
0.27154867266198396,15862.414685041995,0.27043513663106405
0.2751396164613924,15862.522860196546,0.27011124231320344
0.2811862125892438,15862.631022375175,0.2698966463406176
0.277491293666319,15862.739171583824,0.2698097830973843
0.2817499570730544,15862.847307828448,0.26990124525107057
0.27567693772357504,15862.955431114982,0.2700779555301351
0.26835921473104335,15863.063541449385,0.2700697903728565
0.2804176459466088,15863.171638837606,0.26977500336963683
0.27695161239048105,15863.279723285568,0.2695266945948319
0.27206387584621416,15863.387794799226,0.26958937178262077
0.2752585710235174,15863.495853384527,0.2698340463178978
0.2730459829718532,15863.603899047403,0.27004508371154945
0.2778993887873998,15863.711931793796,0.2701223977875112
0.27586880003977765,15863.81995162964,0.27020094511747783
0.2690332404666748,15863.927958560884,0.2704756941808888
0.27019875837487567,15864.035952593455,0.2709482717417378
0.273617583255365,15864.143933733292,0.27147181461366904
0.27418264217321486,15864.251901986328,0.2718613635926188
0.27205633533107326,15864.359857358486,0.272000649545991
0.27397755917012256,15864.467799855713,0.2719081602368669
0.2734652889472191,15864.575729483939,0.2714585930514703
0.269176686782218,15864.683646249085,0.27030533043109944
0.2695840500922054,15864.791550157079,0.26802702443346965
0.2706796863565205,15864.899441213858,0.26453281916290355
0.26703123770467513,15865.007319425333,0.26052125420296585
0.2638696527196106,15865.115184797449,0.25707480474763456
0.24587686285639782,15865.223037336118,0.25488466433829365
0.24670196790116417,15865.330877047254,0.2540656504181903
0.26103117894185707,15865.43870393681,0.25454104644011055
0.2653032473311049,15865.546518010677,0.2559287316197143
0.2615515292311455,15865.654319274785,0.25744339551387135
0.26657174274619,15865.762107735052,0.2579730170659522
0.26700276263968226,15865.869883397403,0.25646928457653034
0.2661051963710338,15865.97764626774,0.25261290455950197
0.26276060678176194,15866.085396351988,0.2472241982443224
0.266949449946873,15866.193133656061,0.24194456439731277
0.26709756004358465,15866.300858185874,0.23814960685603895
0.2618511461459618,15866.408569947333,0.23631606483083353
0.255207384275852,15866.51626894635,0.23673568156014754
0.2484411512935414,15866.623955188841,0.2393967228181212
0.25242166080754713,15866.73162868071,0.24384044617699124
0.24724821702333244,15866.83928942787,0.24888392323730243
0.25205965320117035,15866.946937436222,0.2531398216726257
0.2565963357603719,15867.05457271167,0.2559180816085714
0.2550622254131414,15867.162195260127,0.2574724200779816
0.25761304790047995,15867.269805087484,0.25852855754847043
0.26705144961392857,15867.377402199656,0.25950576271203074
0.26769468831633436,15867.48498660254,0.2604934286743847
0.2672215556752712,15867.592558302033,0.261569168164511
0.2689308600110639,15867.700117304037,0.26291000786736707
0.26720965506135197,15867.807663614449,0.2646466486561321
0.2664001340254699,15867.915197239168,0.26647416228966253
0.2672833959878889,15868.022718184086,0.26783857250089227
0.27618864667225007,15868.130226455101,0.26848088777820334
0.2692257749769247,15868.23772205811,0.26847160868073516
0.264625042672653,15868.34520499899,0.26828508724149347
0.2669480839321961,15868.452675283655,0.26832237906542045
0.27098186702192983,15868.560132917979,0.26871639982731593
0.25938377407631186,15868.667577907854,0.26934595277087614
0.2605245112996967,15868.77501025917,0.26988213913121845
0.2647409263869995,15868.882429977817,0.27012597379925685
0.2702263117931946,15868.989837069683,0.27009136930050576
0.26326900473558207,15869.097231540636,0.26982269007634274
0.2672014031891567,15869.204613396583,0.2694143505759255
0.2645631010719871,15869.311982643389,0.2689008333745006
0.2584841303081757,15869.419339286944,0.268193869883179
0.26254940968512774,15869.526683333128,0.26706653652984186
0.26270956903045206,15869.634014787816,0.26529772720856687
0.25829023420986646,15869.741333656897,0.26273734827605083
0.2548489348245291,15869.848639946238,0.25915894846157544
0.23974235195656227,15869.955933661717,0.25444787174442984
0.2285789552573163,15870.06321480921,0.24902363206368708
0.22905433584164153,15870.170483394591,0.2438819288216832
0.22730249740693895,15870.277739423735,0.2399716824155494
0.22612243300486132,15870.384982902508,0.23811738712563482
0.22839603326045022,15870.492213836787,0.23893451572648974
0.2264371488290897,15870.599432232442,0.2421582434015745
0.2347318170538009,15870.706638095333,0.24649611741189448
0.24218698679558537,15870.813831431335,0.25111006942774644
0.24644990184182103,15870.921012246317,0.25552566960185674
0.24724351487554005,15871.02818054613,0.25936621028798446
0.2538765915864473,15871.135336336656,0.2624375404545717
0.25601018553220906,15871.242479623752,0.26480948936300697
0.26292097261212694,15871.349610413272,0.2664713359723699
0.26260267263305925,15871.456728711091,0.26741699182662637
0.26531523584891087,15871.563834523053,0.26797940003922693
0.2641569387240269,15871.670927855024,0.268640812635082
0.2621114299955965,15871.778008712865,0.26942252555301927
0.26578836641383685,15871.88507710243,0.2700389613831725
0.26744200833519444,15871.992133029573,0.27017496848887423
0.2643058032456913,15872.099176500145,0.2698249134328731
0.26383732094251205,15872.206207520012,0.2692793455624373
0.2665811364120896,15872.31322609501,0.2688312109308121
0.26516395065162635,15872.420232231003,0.26853681952460606
0.26932687044955866,15872.527225933834,0.26818275301576855
0.2675058338396215,15872.63420720935,0.2674534078473199
0.26474305825265027,15872.74117606341,0.2661380044049314
0.2633201585473546,15872.84813250185,0.26443953603797715
0.26467555256392383,15872.955076530518,0.2628969877152688
0.26406039982220797,15873.062008155257,0.2618315515259395
0.26409970216826145,15873.16892738192,0.26131848117005235
0.26550988638024603,15873.275834216334,0.2612050811970806
0.2655728188352445,15873.382728664352,0.26145949646299227
0.26811672574507445,15873.489610731807,0.2621384951452784
0.26365275567247376,15873.596480424543,0.2632068678627171
0.2643121563772986,15873.703337748397,0.2645150543365218
0.26415476740629096,15873.810182709209,0.265816689761168
0.2580335091472015,15873.917015312803,0.26684654868698987
0.2623022146170501,15874.023835565027,0.2673825952580639
0.2588843273487404,15874.130643471713,0.2672838996383674
0.25366426782270257,15874.237439038683,0.266529143695018
0.2523158919971304,15874.344222271784,0.2648669482227724
0.25179922653620146,15874.45099317683,0.2615696128008762
0.24544778454515906,15874.557751759658,0.25576331726902735
0.23852333907988765,15874.664498026093,0.24688806108777164
0.22892791307823118,15874.771231981977,0.23539784942718847
0.2217379743424657,15874.877953633115,0.2230528643036654
0.21140698782783132,15874.984662985344,0.21221449899283587
0.20777996160078613,15875.091360044484,0.2047828188993366
0.1998177373490302,15875.198044816356,0.2017836151955723
0.20235518030232333,15875.304717306788,0.20356957733142297
0.21066897823876635,15875.411377521596,0.21006376116796782
0.2220164383145764,15875.518025466597,0.22035138770890675
0.23125294506288904,15875.624661147616,0.2325790719829727
0.2399065223492409,15875.731284570464,0.24443480101763218
0.24632326449500996,15875.83789574096,0.2540173643390253
0.25566096357669676,15875.94449466492,0.260511100974607
0.25955135515338984,15876.051081348154,0.2641313870350889
0.26657062934819653,15876.157655796482,0.2655624473628917
0.2639903589486413,15876.264218015709,0.2656082937566126
0.2632784887907967,15876.370768011646,0.2649549400685832
0.26961663665640234,15876.477305790104,0.2641396717099847
0.2702654136687355,15876.583831356898,0.2635636173781759
0.2666576065279195,15876.690344717821,0.2634714444375837
0.2685893296786394,15876.79684587869,0.2639684975130994
0.27527269426916545,15876.903334845314,0.26502505894801553
0.27648501812670156,15877.009811623486,0.26645455666292434
0.2725226658936963,15877.116276219018,0.267982383242637
0.2685535085987937,15877.222728637704,0.2692907780790443
0.2635689112266986,15877.329168885353,0.2701618207994693
0.26577052220039504,15877.43559696776,0.27063895389944836
0.2668152659350561,15877.542012890717,0.2708768703457584
0.2596831167779077,15877.648416660035,0.27100620155746546
0.25992671305744564,15877.75480828151,0.2711367323766265
0.2619638468181636,15877.86118776092,0.2713134850961261
0.2600037893427474,15877.96755510409,0.27148361941367793
0.25635535706474316,15878.07391031678,0.2715549522379086
0.2525273118544324,15878.180253404797,0.2714819573163865
0.2571190940012387,15878.286584373935,0.27131370163191415
0.2645572655594573,15878.392903229977,0.27114557082000473
0.2637172196701192,15878.499209978716,0.27108409778956294
0.2676729883029938,15878.605504625946,0.2711869507079193
0.26989337141919945,15878.711787177444,0.2714502976752679
0.2727540973183412,15878.81805763899,0.27185761301630573
0.27312803842908023,15878.92431601639,0.2723942455353137
0.27119619713785675,15879.030562315405,0.27300542700699615
0.2681390797004073,15879.13679654183,0.27358201000593174
0.26487263501437375,15879.243018701445,0.27400681595728377
0.2642678806202596,15879.349228800023,0.27423770882943194
0.2683041600547632,15879.455426843355,0.274287538224288
0.2664337773385805,15879.561612837206,0.27409173838076084
0.26852731796081064,15879.667786787359,0.2734429680363605
0.2701003431855655,15879.77394869959,0.27208565103702703
0.26746455444340034,15879.880098579677,0.2699558761593187
0.26317759318759193,15879.98623643339,0.2673429959522
0.26549425860374515,15880.092362266496,0.2647349678896863
0.2654410345561738,15880.198476084772,0.2625226104319599
0.2597062395796876,15880.30457789399,0.26090391339164326
0.26136902994127575,15880.410667699922,0.260013750000822
0.25896881020525286,15880.516745508325,0.25993548197677185
0.2611420739987486,15880.622811324978,0.26078032787755995
0.26478571790043215,15880.728865155637,0.26248205617138365
0.2645809184693698,15880.834907006072,0.26469030144455463
0.26535198353697403,15880.940936882043,0.2669230434239611
0.26965777285108455,15881.046954789324,0.2687904583941517
0.27075152371937833,15881.15296073366,0.2701355084717303
0.2641043665212486,15881.258954720823,0.27100114819168836
0.2681255988698336,15881.36493675657,0.27148848847990453
0.2743936811138632,15881.470906846653,0.27172047800640664
0.2689903651839894,15881.57686499684,0.27175352348515464
0.2631460197628257,15881.68281121288,0.271640880657411
0.2591774414176249,15881.788745500531,0.2714888199355852
0.26268973251237454,15881.894667865543,0.27139126380474676
0.26769211220136496,15882.000578313677,0.27134022870067526
0.2694329694858245,15882.106476850675,0.27127919645882176
0.2711089824949281,15882.21236348229,0.27121632844300636
0.26998732812304144,15882.318238214277,0.2711907548749872
0.2668247096566844,15882.424101052376,0.2712247589689936
0.2707430929246732,15882.529952002347,0.2713297147069152
0.27110280782864626,15882.635791069928,0.2715368151074283
0.2708042287209914,15882.741618260858,0.2718674209036227
0.2724850958659278,15882.847433580891,0.27226053551570034
0.26812224055500355,15882.95323703577,0.27261603525592787
0.2682639572927123,15883.059028631225,0.27285079838240833
0.26688834977704634,15883.164808373014,0.2729179072423294
0.2660903538931587,15883.270576266867,0.2728430067238659
0.26620220358602514,15883.376332318521,0.2726847051890782
0.2698921055891572,15883.482076533717,0.2724412336541617
0.2715197991657252,15883.5878089182,0.272043611236877
0.269432527905078,15883.693529477685,0.2714505719775607
0.271302147563417,15883.799238217922,0.2706996891719262
0.26919157248916536,15883.904935144641,0.26986971604101284
0.26111734854519925,15884.010620263576,0.2690294596226765
0.26329809202190085,15884.116293580446,0.26818716559529837
0.2598026188578685,15884.221955100997,0.2671960057224012
0.2591799845398506,15884.327604830954,0.26564021034422686
0.25784428227027595,15884.433242776031,0.26280039414913187
0.2494726484540252,15884.53886894197,0.25787756918728555
0.24446935071717285,15884.644483334498,0.2505861471403769
0.23952361228234628,15884.750085959322,0.24164611044458892
0.2335159390585391,15884.85567682218,0.23267755838306714
0.22825853445420524,15884.961255928798,0.22542498645322648
0.2191152399811421,15885.066823284884,0.22106260771719666
0.2185791879785932,15885.172378896168,0.2200754020584289
0.21949620040964216,15885.277922768366,0.22230912955936366
0.2242959223506175,15885.383454907187,0.22696729359844525
0.23072270004483045,15885.488975318356,0.23261889936972455
0.23333925403831257,15885.594484007599,0.2370432334105965
0.23445412884394892,15885.69998098061,0.23796076116126247
0.228891404310958,15885.805466243124,0.23455362764483126
0.21649924465276416,15885.910939800835,0.22807529367534138
0.2096946544405279,15886.016401659459,0.22091206897996715
0.20810861216518917,15886.121851824713,0.21518592443525245
0.20676433885230763,15886.227290302302,0.2122045091854476
0.20861377626472016,15886.332717097936,0.2125398564460094
0.21860018586777924,15886.438132217314,0.2160541812897227
0.22457790685946366,15886.543535666155,0.22210050210311597
0.2379346933145102,15886.648927450153,0.22957291104098448
0.2418353960234298,15886.75430757502,0.2368873782959827
0.24908944443391506,15886.85967604645,0.2424846332986942
0.25338639903170257,15886.965032870145,0.24549511482264402
0.2549628185496395,15887.070378051818,0.24604739119415084
0.26048367961382163,15887.175711597154,0.24499283514671366
0.2683626267809708,15887.281033511861,0.24337150497996782
0.267401072882964,15887.38634380163,0.24207780351647115
0.26559867296481043,15887.491642472158,0.24164553224670943
0.26423928597103036,15887.596929529142,0.24222611754690473
0.2639380139244747,15887.702204978275,0.24377649008842459
0.259747364820386,15887.807468825255,0.2462239360495994
0.25959198368414893,15887.912721075762,0.24945336049645678
0.2607280623823164,15888.017961735495,0.25317762346898737
0.2529634808934885,15888.123190810142,0.2569125599297923
0.25248633924461417,15888.228408305391,0.2601717191526811
0.259704676998726,15888.33361422693,0.2627018367526779
0.25620083197873533,15888.438808580448,0.26455064290315117
0.25987701034777994,15888.543991371624,0.2659363259801141
0.26738931260042836,15888.649162606142,0.26705473357904524
0.26524616501944237,15888.754322289686,0.2679911791169041
0.2693289577381345,15888.859470427951,0.26876193365431694
0.26834515474310083,15888.964607026597,0.2693726855601637
0.26547131140494956,15889.06973209132,0.2698514893615196
0.267462780795224,15889.17484562779,0.27023255125301965
0.267103922795527,15889.279947641684,0.27053275404783095
0.2603863674481801,15889.385038138684,0.27075665213455763
0.2613192330225986,15889.490117124467,0.27090653222419836
0.2611262502728446,15889.595184604694,0.270969524826025
0.26100223003057327,15889.700240585054,0.27091771647611473
0.2563320148998904,15889.80528507121,0.2707375473510861
0.24946112184372735,15889.910318068825,0.2704313532556383
0.2571893249425472,15890.015339583591,0.26995402984905675
0.2629403797284093,15890.120349621162,0.2691497785965277
0.2597409371540719,15890.225348187209,0.2677336514991437
0.25911068929719483,15890.330335287392,0.2653494105463831
0.2560953213170026,15890.43531092739,0.2615566299394253
0.2515131696227323,15890.540275112855,0.2559038007719315
0.23980811702111018,15890.64522784946,0.24823134498195948
0.23007222598499746,15890.75016914286,0.23897262230929645
0.22345330954664874,15890.85509899872,0.22918367247512728
0.2146547121875115,15890.960017422698,0.21981270236880043
0.2163465872522436,15891.064924420452,0.21133280992096892
0.2118586417534205,15891.169819997642,0.20492384745313746
0.20885609042123027,15891.27470415993,0.20209986942719851
0.2115357758416809,15891.37957691296,0.20366881711615922
0.21889942175670726,15891.484438262392,0.209304736838355
0.22527469949622872,15891.589288213883,0.2176953461932826
0.23312720578725646,15891.694126773085,0.22696234700601364
0.24322398713378207,15891.798953945641,0.23499508213443276
0.25063793638486914,15891.903769737215,0.24109952061559245
0.25253812214078925,15892.008574153444,0.24611119607390394
0.25904023742384785,15892.113367199976,0.2503117886631241
0.25560804124984526,15892.218148882474,0.252894994082462
0.2510479703681051,15892.322919206565,0.2525991593886004
0.24561902099533073,15892.427678177899,0.2487874385387826
0.23387546979754462,15892.532425802126,0.24206019962295178
0.22417943042615204,15892.637162084884,0.23411714380424165
0.2177481745716363,15892.741887031816,0.22714963856826828
0.21103643329667016,15892.84660064856,0.22252749616977757
0.20935687249929535,15892.951302940754,0.22063685726214763
0.21554689604481872,15893.055993914044,0.22148622699498863
0.22167161780244812,15893.160673574059,0.2248671931435736
0.230828170190984,15893.265341926437,0.23026554746881017
0.23580208746211895,15893.369998976821,0.23664925852389307
0.2324918946960863,15893.474644730832,0.24267154256607606
0.23820211429964822,15893.579279194113,0.24716757484851395
0.24149407159020272,15893.683902372288,0.2493821790499912
0.23460933876467768,15893.78851427099,0.24872014755656988
0.23018205437594186,15893.89311489585,0.24474672688488755
0.2236938485628498,15893.997704252504,0.23768186874830213
0.21541306015852094,15894.102282346563,0.22861393028720223
0.210003897142464,15894.206849183664,0.21898558522688027
0.20148166117324842,15894.311404769433,0.2095085647527109
0.19034883965326005,15894.415949109482,0.1997456449252056
0.1796175692711338,15894.520482209451,0.18939535128914897
0.17084365301349008,15894.625004074953,0.17849199030622
0.16355937177606533,15894.729514711606,0.16779030731733333
0.15314970552070845,15894.834014125032,0.1589976813990172
0.14491967366227185,15894.93850232086,0.15347947627096448
0.13860914189319942,15895.042979304688,0.15153863580115115
0.1399235171803761,15895.147445082148,0.1528122887502194
0.1433527396993277,15895.25189965885,0.15710813838715693
0.15594673311188303,15895.356343040405,0.16460033131040055
0.16626296285277237,15895.460775232434,0.1745992425994342
0.18117604030761544,15895.565196240543,0.1855311765441255
0.19282089959585824,15895.669606070342,0.19568576817977043
0.19924132145336884,15895.77400472744,0.20400109700394603
0.2040854191713426,15895.878392217463,0.21047502541675997
0.2081080632932665,15895.982768545986,0.21575589720510932
0.21239045609859025,15896.087133718645,0.22053745321865306
0.22051337576971947,15896.191487741036,0.2253427021044422
0.2223666336764947,15896.295830618756,0.23047241271659843
0.22907503661101278,15896.40016235742,0.2360483805060564
0.24018710060869336,15896.504482962624,0.24205792831936607
0.2432745246757788,15896.60879243997,0.24812645432902994
0.2487792452349966,15896.713090795054,0.2534661092063373
0.26011497159714936,15896.817378033484,0.2573365941895511
0.27556450871782306,15896.92165416085,0.2595040917523449
0.2879783444943155,15897.02591918275,0.2602454167256289
0.2654859016544699,15897.130173104788,0.2599128660518187
0.24793678079705775,15897.234415932546,0.2586065960942831
0.2524539686363592,15897.338647671619,0.25624939816146247
0.2531609235472057,15897.442868327611,0.25284974262438953
0.2508146814491382,15897.547077906109,0.24866335920460964
0.2502507118129501,15897.65127641269,0.24416246231238253
0.25006499007614974,15897.75546385296,0.2398407146430446
0.24682126343779806,15897.859640232502,0.23609108059825581
0.24858198261847922,15897.963805556896,0.23316536221301035
0.24503380532681207,15898.067959831735,0.2310247843086203
0.24844767989361768,15898.172103062605,0.22906456345790194
0.2533164239220312,15898.27623525508,0.22662357906904745
0.24223124258797007,15898.380356414755,0.22358991875942608
0.2348704063612652,15898.484466547206,0.2204057123122518
0.2281104164979752,15898.58856565801,0.21774596960550713
0.2211207269266111,15898.692653752749,0.21602877939596415
0.20909450898840504,15898.796730837004,0.21529320125691437
0.2102743729569229,15898.90079691635,0.21567777433864177
0.20173687659445874,15899.004851996358,0.2178447304030853
0.19970507912862917,15899.108896082613,0.22272628619562032
0.19997261929478613,15899.212929180683,0.23012197056757921
0.19511596635407663,15899.316951296143,0.23829087511271096
0.19560074770204977,15899.420962434559,0.24496877130931577
0.20729317852527826,15899.524962601503,0.24844437401236744
0.20817883110295807,15899.628951802553,0.24826098407493838
0.21462481280881876,15899.73293004327,0.24533846655070937
0.21711627541221787,15899.836897329222,0.2412822920912549
0.21671222743831992,15899.940853665974,0.23737178974347142
0.22095167643296149,15900.0447990591,0.23425130500187819
0.22885559280964612,15900.148733514152,0.23272539331796832
0.23218149837806368,15900.252657036695,0.233384274426081
0.2381470389919464,15900.356569632298,0.23645434756843794
0.24749696825795872,15900.460471306515,0.2418332677872751
0.24720423963585803,15900.564362064913,0.2487064241194747
0.2548307289265693,15900.668241913045,0.2554639018316695
0.2588393769779454,15900.772110856466,0.26029171092597886
0.2533307878124295,15900.87596890074,0.2620047193846031
0.25410172166690514,15900.979816051416,0.2605058200459801
0.24946629899894554,15901.083652314048,0.25668202701108683
0.24432054212968426,15901.187477694188,0.2517102107173674
0.2402782963313418,15901.291292197402,0.24637782657505886
0.23482499308746724,15901.395095829223,0.24101638037801718
0.22745651915063309,15901.498888595212,0.23595896249209114
0.21764718141792835,15901.602670500908,0.23190291606200752
0.21551342028243514,15901.706441551869,0.22970996781405392
0.2153447676409421,15901.810201753638,0.22981623224797484
0.21430361563768482,15901.91395111176,0.23202977005883976
0.2202003726851634,15902.017689631777,0.23583673379715106
0.22830564335071907,15902.121417319227,0.24063596390276074
0.23049679065510278,15902.225134179671,0.24603647071359194
0.24248534077621883,15902.328840218634,0.2516381814914131
0.24907459943198224,15902.432535441661,0.25673484096226323
0.2559806600918133,15902.536219854293,0.26043324336100715
0.2608000055193081,15902.639893462063,0.2620126518318773
0.2606715417368198,15902.743556270507,0.2612113869484557
0.26178608860795965,15902.84720828517,0.25842024091910426
0.2615932065407707,15902.950849511577,0.2545516071273077
0.25997177557227097,15903.05447995526,0.2506874805090213
0.2613515680177308,15903.158099621764,0.2477285105162211
0.2590703288580699,15903.261708516611,0.24636411429492036
0.26032771235827695,15903.365306645323,0.24689473305362855
0.2639029306344634,15903.468894013451,0.24882403389424554
0.26529941296179116,15903.572470626506,0.2513067618256159
0.26704830370644395,15903.67603649002,0.2532945113203106
0.26181542372797356,15903.779591609522,0.25387441997297094
0.25963101792784277,15903.88313599053,0.25273759045197014
0.253440406849965,15903.986669638567,0.25021432091042745
0.24154797798808889,15904.090192559164,0.24679188331004076
0.2262760279047822,15904.19370475784,0.24277337845005847
0.22133765112290749,15904.297206240108,0.23850159475756016
0.2138469155308625,15904.400697011493,0.23513137690946287
0.2086013755481203,15904.504177077517,0.23330870088765754
0.20831361494674336,15904.607646443688,0.23339175911790777
0.20999232971859325,15904.711105115532,0.2357052371279862
0.2127377710207014,15904.814553098558,0.24014544901118437
0.2208700887706102,15904.917990398273,0.24585924258014313
0.226180557617167,15905.021417020203,0.25160015952806347
0.23216297847954087,15905.124832969856,0.2562999981211667
0.23752330847450265,15905.228238252736,0.25927453858418864
0.24408573441542955,15905.331632874362,0.2602423021242908
0.25129411299749876,15905.435016840234,0.25933189944554763
0.24533603732629405,15905.538390155865,0.25685393714495375
0.2449749441696867,15905.641752826756,0.25318465259780626
0.24534152647004392,15905.745104858415,0.24870046235314697
0.239355852057818,15905.848446256345,0.24390871495917935
0.24119848270557717,15905.95177702605,0.23958063305476246
0.239316801895882,15906.055097173034,0.2366173431002881
0.23994103474823814,15906.158406702798,0.2358293295705587
0.24416407586667835,15906.261705620833,0.2376147883272371
0.24925931128099904,15906.364993932642,0.24154667507108254
0.2518247694493637,15906.468271643733,0.24667568677616608
0.25687103066201883,15906.571538759586,0.2521141907445119
0.25962344742072496,15906.674795285708,0.25723079541912997
0.26160170754687767,15906.778041227584,0.2616002210115607
0.2613689278167341,15906.881276590715,0.264951202656304
0.26532466396957843,15906.984501380592,0.26721434260053195
0.26394741804155475,15907.087715602702,0.2685445932623893
0.2684935908098096,15907.19091926253,0.2692268371676454
0.27223470172051545,15907.294112365575,0.2695310797106718
0.2702269873096696,15907.397294917324,0.2696222575994567
0.2681945434771135,15907.500466923259,0.269523620081939
0.26278150538744854,15907.603628388866,0.2690425119021779
0.25704921816143816,15907.706779319633,0.26805350018405205
0.2522588543108697,15907.809919721034,0.26664056406003894
0.2450052308066674,15907.913049598565,0.26496783363369714
0.24168221941710544,15908.016168957696,0.26334331211360684
0.23947945283489228,15908.119277803911,0.2621558385008355
0.24191278318489634,15908.222376142689,0.2616642025589664
0.24660800957479517,15908.32546397951,0.2619560514050731
0.25065605673106733,15908.428541319843,0.2628844535586849
0.25399293944161233,15908.531608169174,0.26411094189724504
0.2592635308620382,15908.63466453297,0.2651993195459807
0.2673134006062286,15908.737710416706,0.26553845578847174
0.2734169096685654,15908.840745825859,0.2648294785099944
0.2732096546392504,15908.943770765893,0.26320841927916205
0.27740647310735805,15909.046785242277,0.26119496660225666
0.2749452765945516,15909.149789260495,0.25955626766288836
0.2721762261455717,15909.252782826,0.25882747263014355
0.27293500464263076,15909.355765944258,0.25917727760987563
0.2744709013125724,15909.458738620746,0.26056435077202156
0.27754221102080323,15909.561700860926,0.26273375900622026
0.27510452394864043,15909.66465267025,0.2651943354976864
0.27527196082988137,15909.767594054192,0.26726190016741264
0.27401182823233483,15909.870525018217,0.2682577155448853
0.2786380937882398,15909.973445567768,0.2677588385212181
0.27354582589925536,15910.076355708325,0.2657687138513938
0.27037410816475765,15910.179255445333,0.26262047185884424
0.26662412329208846,15910.282144784256,0.258659277048058
0.26004952597961195,15910.38502373054,0.25402584439784437
0.2534089083430085,15910.487892289648,0.2488055106665228
0.24535823964385065,15910.590750467036,0.24335330391060886
0.23778573604544437,15910.693598268148,0.2383615111477154
0.2298841776821177,15910.79643569844,0.2345434449584315
0.2235316087105578,15910.899262763367,0.23233155065172362
0.21721596117949196,15911.002079468368,0.23183949844198903
0.21609985533500392,15911.104885818906,0.23302075181816229
0.21933025849150542,15911.207681820413,0.2358329691052769
0.22684532345833777,15911.310467478346,0.24015883896333123
0.23293692652742484,15911.41324279815,0.24552683436382788
0.23896433836498743,15911.516007785258,0.250936395764881
0.25043820014869206,15911.618762445116,0.25516957819880903
0.2560911481602199,15911.721506783178,0.2573842730548281
0.25272534015943837,15911.824240804875,0.25719071097559043
0.2568806064967589,15911.926964515651,0.25453731580883593
0.2506766218684013,15912.02967792094,0.24951054372604287
0.24952721066661532,15912.132381026177,0.2422548567953734
0.24231534969801444,15912.235073836802,0.23320669899332813
0.22967937430084198,15912.33775635825,0.22338152055824104
0.21893872463483308,15912.440428595964,0.21439459435343486
0.20876780213152646,15912.543090555362,0.20797024986993817
0.20472130960618312,15912.645742241883,0.20515317456693435
0.20134856671317716,15912.748383660963,0.2064587421744015
0.20920317038310715,15912.851014818021,0.21190887628236849
0.21564991394191424,15912.953635718492,0.22032977726927758
0.22892589919991319,15913.056246367809,0.23038144314195994
0.2387762181325201,15913.158846771383,0.24074054334763423
0.24704813645953402,15913.261436934652,0.2501885124413354
0.2556768923921572,15913.364016863039,0.2578995896397879
0.26367737186968604,15913.466586561963,0.26366965184328434
0.2667856119456108,15913.569146036847,0.2677861035756224
0.2762875556045014,15913.671695293122,0.2706161259825979
0.2942983102603958,15913.774234336186,0.27238161629121105
0.2951080666828385,15913.876763171482,0.2734539050939306
0.2702048196649618,15913.979281804412,0.2740804360546302
0.268382574010327,15914.081790240398,0.27436378221439467
0.2677687612907957,15914.184288484856,0.2743834633958943
0.2711941039978962,15914.2867765432,0.2741933149712939
0.27374072248010767,15914.389254420845,0.2736971340848689
0.26947068819535447,15914.491722123199,0.27258506193601184
0.271334546541574,15914.594179655678,0.27082810380360695
0.27771178817509706,15914.69662702369,0.26853786451989975
0.27593143835932427,15914.799064232644,0.26594569206334945
0.2716812628513254,15914.901491287943,0.26333415482097833
0.27158277213855087,15915.003908195005,0.26090310536666594
0.27198840215700226,15915.106314959228,0.25865026569609273
0.26896803410731907,15915.20871158602,0.2563320432781465
0.26591730606742875,15915.311098080778,0.25374710726346833
0.26096409013959987,15915.413474448907,0.25117359632952657
0.2603207253957664,15915.515840695818,0.24905625255150338
0.25756245437279107,15915.618196826901,0.24759278355790923
0.2572589966462243,15915.72054284756,0.2469247442923214
0.2547485921518352,15915.82287876319,0.2471365151502702
0.25277091128835744,15915.92520457919,0.2483789067145534
0.255924682830522,15916.027520300953,0.2507905497218832
0.2644830598632536,15916.129825933882,0.2543302107140959
0.2673020057414135,15916.232121483366,0.2584190882237505
0.26911370208226965,15916.334406954791,0.2616179031578721
0.2750650261408349,15916.436682353551,0.2624645264230691
0.2711836451375523,15916.538947685049,0.260470441991217
0.26499994029827456,15916.641202954657,0.25642699112383915
0.2590864057957107,15916.743448167776,0.25189737811997565
0.2552112796794972,15916.845683329791,0.24826235985509199
0.2455394502490167,15916.947908446082,0.24599224861872304
0.24416733556328113,15917.050123522038,0.2444738727223554
0.24738303366401213,15917.152328563045,0.2421518516091636
0.24482350046124762,15917.25452357448,0.2381056291636908
0.24517007142076278,15917.356708561732,0.2341861557200653
0.24264648722458806,15917.458883530178,0.23107757105331922
0.23640018766818988,15917.561048485197,0.22843285324249343
0.23120953432366714,15917.663203432174,0.22561104449913144
0.22594334445677342,15917.765348376466,0.2222893097680475
0.2229038598872303,15917.867483323473,0.21883034958151357
0.2177580689607798,15917.969608278561,0.21639665340061703
0.21817760394281058,15918.07172324711,0.21661749533879576
0.21777088402742628,15918.173828234481,0.22047624476007702
0.22601123312349342,15918.27592324605,0.22736820470064284
0.23789666948434465,15918.378008287194,0.2359150600408144
0.23848075403380325,15918.480083363276,0.24431491301664196
0.24687699316459275,15918.582148479669,0.25040707020452374
0.24950537558382205,15918.684203641744,0.2525158645525594
0.24958535655807934,15918.786248854854,0.25017689954750083
0.24843390858321984,15918.888284124378,0.24426060389714907
0.24223957333527651,15918.990309455674,0.2364680883335865
0.2416299932267674,15919.09232485411,0.22885960890791784
0.230429822674502,15919.19433032504,0.22333026686808952
0.22836662479050468,15919.296325873833,0.2208951923223606
0.22972398933250363,15919.398311505844,0.22156870405008738
0.23070863065862546,15919.500287226429,0.22473739642210314
0.23756418486400133,15919.602253040957,0.22970794809236225
0.24434554165965813,15919.704208954778,0.23587823809270184
0.25375543643557213,15919.806154973241,0.2426475247508608
0.2597058946719839,15919.908091101712,0.24916144579915417
0.264203620400414,15920.010017345534,0.25451661913203877
0.26648650099053267,15920.11193371007,0.2581364103224214
0.2661281498815404,15920.213840200664,0.25998768003706674
0.2678850227203477,15920.315736822666,0.26058706212705773
0.2644573482996383,15920.417623581427,0.26076440641603466
0.26580214355773124,15920.519500482302,0.2612604787166043
0.26447983707059386,15920.62136753062,0.2624015250268222
0.26723315934193215,15920.72322473174,0.2640425450204759
0.26346858449765026,15920.825072091007,0.2657388377016762
0.2674314267138479,15920.926909613763,0.2671107190009033
0.2725869627927664,15921.028737305347,0.2680607622490891
0.27222108530481437,15921.130555171103,0.26870226137621217
0.27549959309179006,15921.232363216372,0.26913227334352163
0.2763369483128242,15921.334161446488,0.269325373033588
0.2777602980415414,15921.4359498668,0.2692290690410832
0.2758314521205459,15921.537728482635,0.26889032245637534
0.2736677836531508,15921.639497299324,0.2684559146404995
0.27956909934559,15921.741256322219,0.2679706403426392
0.27838407946181665,15921.843005556646,0.2673663786273633
0.27713302196278533,15921.944745007928,0.2666705144132586
0.27846154747775687,15922.04647468141,0.26604750100160535
0.2759385024165793,15922.148194582418,0.26577818400526537
0.2740605538826415,15922.249904716278,0.2659745624283774
0.2780210601220305,15922.35160508832,0.26650298642486847
0.27357283314474146,15922.45329570388,0.2671706454618187
0.2728832016408918,15922.554976568266,0.26790394335563167
0.26720889750627896,15922.656647686816,0.26876766209686187
0.2703640681564974,15922.758309064857,0.2698324579422083
0.27368865375616946,15922.859960707698,0.2710033606614226
0.2717081046137491,15922.961602620671,0.2720247717356041
0.2732903410628234,15923.063234809097,0.272669879167399
0.27135624985729856,15923.164857278296,0.27285515766512647
0.2691387703431589,15923.266470033577,0.2726688991340837
0.26489586147955274,15923.368073080266,0.2721376349196667
0.263672882512054,15923.469666423673,0.2711327934775059
0.2575364453205911,15923.571250069119,0.2695597312609204
0.26175792721286356,15923.672824021922,0.26758189707250096
0.2663373622893087,15923.774388287386,0.26553226463613405
0.271418189469481,15923.875942870822,0.26363495445340845
0.26261167408576924,15923.977487777556,0.2618856090887287
0.2604541614254659,15924.079023012879,0.2601389655893782
0.2585553195855561,15924.1805485821,0.25835444497429927
0.263246957795171,15924.282064490544,0.25672623871643147
0.27462172230664667,15924.383570743508,0.2555838537785264
0.2748401116005731,15924.485067346292,0.2552792227901234
0.2771783204877376,15924.586554304213,0.25575300573828436
0.27901458657015415,15924.68803162256,0.25656162561037493
0.28027342987126,15924.78949930664,0.2576908011701825
0.27832844327800055,15924.890957361753,0.259347709556909
0.2759068035755781,15924.99240579321,0.2616280477618238
0.27258791408583244,15925.093844606296,0.2643389151013011
0.27710902774221796,15925.19527380631,0.26703375499651943
0.277005243045248,15925.29669339856,0.2692320154724565
0.2759269538110929,15925.398103388334,0.2705836300649566
0.2665612337494582,15925.499503780915,0.2710612664982193
0.26538102351290926,15925.60089458162,0.27103835015627137
0.263726884370507,15925.702275795724,0.2707230267676171
0.26358894372096103,15925.803647428525,0.27023299198945433
0.26141083674602117,15925.90500948531,0.2695914533491171
0.2610678690113423,15926.006361971367,0.268909830355073
0.2609657547160581,15926.107704891987,0.26810850471639613
0.26315796413166315,15926.209038252464,0.2670303164809762
0.26175768762437385,15926.310362058068,0.26555138913088105
0.25825876208316273,15926.41167631409,0.26360582448263226
0.2589367275481845,15926.51298102582,0.26115436513058715
0.25495159700039105,15926.614276198532,0.25825098667986895
0.2526232607998351,15926.715561837513,0.2548273819291395
0.2537928679501001,15926.81683794804,0.25108957584250946
0.24287105532497655,15926.918104535385,0.24759387914352718
0.22782767809448187,15927.019361604845,0.2448102483612045
0.2176650936050841,15927.120609161684,0.24310189034912189
0.21633413037267307,15927.221847211176,0.2424160443448359
0.2080011604567779,15927.323075758606,0.2425167909186141
0.2093830708819195,15927.42429480924,0.24325857346946878
0.21191764534513957,15927.52550436835,0.24474539658118954
0.22264869806062418,15927.62670444121,0.24723335442203162
0.2364021480545382,15927.727895033093,0.2507359981665817
0.23823636360674397,15927.829076149266,0.2547643650145718
0.2422202526397575,15927.930247794988,0.25864789862067944
0.2502189928920557,15928.031409975547,0.2619585546516374
0.25398049051678784,15928.132562696192,0.2646484216217914
0.2584523248271028,15928.233705962188,0.2668149503282555
0.26525199265276445,15928.33483977881,0.2684555471535403
0.26811212574567883,15928.435964151311,0.26948638409426845
0.27027197404117725,15928.537079084961,0.2698412752617461
0.2716288302283988,15928.638184585008,0.2694786046319093
0.266932469704324,15928.739280656728,0.2686039231833
0.269044667605943,15928.840367305367,0.2675887830319589
0.2619269243853653,15928.941444536187,0.2666922014061205
0.2570838528664806,15929.042512354445,0.2660580647222694
0.2606232738253042,15929.14357076539,0.2657773334950322
0.259257501784484,15929.244619774283,0.2659139244161849
0.2627303904295366,15929.345659386383,0.2664974489214785
0.2617949210559602,15929.446689606923,0.2675200227962127
0.2724467356562799,15929.547710441168,0.2689294277511178
0.27665847100184277,15929.648721894368,0.2705984606575052
0.2740445889136392,15929.74972397176,0.2722436081807327
0.280313153615299,15929.850716678606,0.2735799099535982
0.27806186736428407,15929.951700020147,0.27449210163954074
0.2769748184935709,15930.052674001618,0.2750233022524671
0.2821373931433644,15930.153638628282,0.2752878438461561
0.286113919342726,15930.254593905369,0.2754017529319102
0.27979235500194216,15930.355539838123,0.2754481964719094
0.27795677212013625,15930.45647643179,0.27545704746808025
0.2791411900161908,15930.5574036916,0.27541752012884396
0.2811311126913066,15930.658321622805,0.27529132572884624
0.2751979966962065,15930.759230230631,0.2749894352311088
0.2755238404584516,15930.860129520319,0.274208167562199
0.2805102944368173,15930.961019497112,0.27256368537702613
0.27390271591713905,15931.061900166227,0.2700981162571638
0.26667673292534777,15931.162771532918,0.26730896080828953
0.26998178638300835,15931.263633602404,0.2648074638959466
0.27307554424612007,15931.364486379913,0.26297587678362405
0.26543043319884874,15931.465329870693,0.261926168979882
0.2627213545958051,15931.566164079948,0.26162608603866283
0.26804462124348644,15931.666989012929,0.26198208645793924
0.2701782761336113,15931.767804674848,0.26290625576985505
0.2663135293782003,15931.868611070937,0.26432113981153305
0.2700884275042972,15931.96940820642,0.26589856598828265
0.2749755207233419,15932.070196086519,0.26742443048061204
0.27671803456430866,15932.170974716453,0.26877099949277683
0.27897013400831994,15932.271744101454,0.26995468204572276
0.2757724371357288,15932.372504246734,0.2711713056569462
0.2778553892047189,15932.473255157509,0.2725038334229628
0.2807368656679709,15932.573996839006,0.2737139562005906
0.27908417494282745,15932.67472929644,0.2744370884127782
0.27357931625986465,15932.775452535017,0.2745931603010863
0.2774452330925063,15932.876166559961,0.2744589100248844
0.28045944778678367,15932.976871376493,0.2741208543789279
0.2755586619401754,15933.077566989808,0.2735442691474283
0.27407169505277146,15933.178253405129,0.27286070541317314
0.2744354706225102,15933.278930627668,0.2722700790428778
0.2764116054333443,15933.379598662626,0.27193087830967855
0.2724736839013688,15933.480257515212,0.2718986533808543
0.2712839891336405,15933.58090719064,0.2721387750192909
0.27739893201163607,15933.681547694114,0.2725312416976346
0.2761025345104847,15933.782179030834,0.2728746652175011
0.2744993418416968,15933.882801206008,0.27303431955887736
0.2733996635880048,15933.983414224842,0.27300081411665694
0.2738258837465561,15934.084018092522,0.2726954597184113
0.2749821013226907,15934.18461281427,0.2719696040268393
0.26657530710385363,15934.285198395275,0.2706254942489646
0.2565816028332109,15934.385774840735,0.268553867623224
0.25814845258623037,15934.486342155848,0.2658693859597028
0.259112392529596,15934.586900345814,0.26273937273011144
0.2531651156777658,15934.687449415818,0.25920095035540147
0.2528564284115378,15934.787989371069,0.2552227247955441
0.25492885494223977,15934.888520216744,0.2508164803815741
0.25367131041544383,15934.989041958048,0.24615679619046554
0.25246341908875536,15935.089554600167,0.24174764319051825
0.2550175430454409,15935.190058148282,0.2383094740274152
0.2634861430521392,15935.290552607592,0.23640087158791145
0.2665227538227224,15935.39103798329,0.23623420279699311
0.2663973714013106,15935.491514280553,0.23768990844724158
0.26792593735188064,15935.59198150456,0.24039993552992645
0.2672298164245765,15935.692439660514,0.2439106031723408
0.27225633494086393,15935.79288875358,0.24758238305955685
0.26405794245683567,15935.89332878895,0.25054024524653046
0.258818831953928,15935.993759771798,0.2519019316365773
0.26000295559724806,15936.094181707313,0.2513269632569432
0.25448644053502856,15936.194594600667,0.24935937800158525
0.25341937725177677,15936.29499845704,0.24708492726409748
0.2590059432887957,15936.395393281606,0.24561779762078098
0.26000296912638027,15936.495779079547,0.24542026463345315
0.26053215898897636,15936.596155856028,0.24647657041839657
0.265636213490102,15936.696523616227,0.24867855316676163
0.27127227234273465,15936.796882365323,0.25187785534105106
0.2680086820894666,15936.897232108475,0.2557794288343054
0.2655465201387679,15936.997572850863,0.25981047800144824
0.27196338890904803,15937.097904597651,0.2633683044049848
0.27578327396360963,15937.198227354,0.26619727149887523
0.2763559031680613,15937.298541125092,0.2682137761815809
0.271532130507544,15937.398845916085,0.26939852218716476
0.27204494387286504,15937.499141732136,0.2704184666134864
0.2721737657746076,15937.599428578418,0.2715691528130717
0.27274588126112176,15937.699706460096,0.27267510245258986
0.2740345358922518,15937.799975382328,0.27344642046593226
0.2719819003007325,15937.90023535027,0.2737786663009708
0.27253335787710725,15938.00048636908,0.2737788308919825
0.2663198935027489,15938.100728443922,0.2734466219697862
0.265158666848473,15938.200961579958,0.2725600159326732
0.2736154511196723,15938.30118578233,0.2709163090207713
0.27414991471739936,15938.401401056195,0.26849415627872847
0.2751056013547428,15938.501607406719,0.26561159291986997
0.2763856445762762,15938.601804839045,0.26281020520860987
0.27245847688981845,15938.701993358321,0.26057118316292915
0.27145937188263086,15938.802172969712,0.2591999702873399
0.27375427469704683,15938.902343678354,0.25882241171321296
0.27512787895237134,15939.002505489398,0.25944700987847036
0.2748378046013855,15939.10265840799,0.2610067919109386
0.27809932157166023,15939.202802439286,0.26329606191705784
0.2785932309745531,15939.302937588409,0.26592568068578193
0.27649854809932944,15939.40306386053,0.2683819506282339
0.277221679657636,15939.503181260774,0.2702218323704376
0.28147861808038366,15939.603289794284,0.2713095179369008
0.2817236579783934,15939.703389466213,0.2718006676120787
0.27230986081255953,15939.803480281687,0.27194328451844546
0.2711777750863788,15939.903562245847,0.2719081713927964
0.26942179987276116,15940.003635363833,0.27167886348481446
0.2662465353969227,15940.103699640777,0.27109776402300995
0.26700626268831035,15940.20375508182,0.2700267081310298
0.2656296907409347,15940.303801692096,0.26852521265429535
0.2606895632391557,15940.403839476734,0.26686151645641176
0.25646334650621305,15940.503868440865,0.26531812058499177
0.2581044268678052,15940.603888589623,0.2640311187717179
0.25957972385020306,15940.703899928138,0.2630582968843657
0.2519880869321279,15940.803902461537,0.26250374775901275
0.253323276826517,15940.903896194946,0.26252668601349455
0.2620165518301655,15941.003881133493,0.26322985276127464
0.25969690643617904,15941.103857282304,0.2645249438187086
0.26758514204369593,15941.2038246465,0.2661007514701862
0.27165110987380947,15941.30378323121,0.26754622181650756
0.2734816443916074,15941.403733041552,0.26849869896930756
0.28019128219281775,15941.503674082644,0.26873467910128984
0.2802100695450764,15941.603606359613,0.26817874302698
0.27098072855314387,15941.703529877574,0.2669532320053812
0.2732048813980969,15941.803444641644,0.2653480063049466
0.2734111838782272,15941.903350656941,0.26376121675678144
0.28190151123569446,15942.003247928578,0.26259573309240725
0.2787159534107761,15942.10313646167,0.26206366269218084
0.2775905965440174,15942.203016261334,0.26220679679916786
0.2774793545167329,15942.302887332682,0.262996094953754
0.2763839943683889,15942.40274968081,0.264366192017172
0.27510226101407603,15942.502603310855,0.26618688552458414
0.27187224357349477,15942.602448227904,0.26818783353741016
0.2726572972400162,15942.702284437073,0.2699267082812367
0.2711052562305523,15942.802111943472,0.2710909341807392
0.2685257273299364,15942.901930752198,0.2716450904850528
0.26270360704818635,15943.001740868363,0.27176307295937346
0.2670158073922945,15943.101542297067,0.27172641140226356
0.2673809147975563,15943.201335043414,0.27171456124255056
0.25683588500784504,15943.301119112502,0.27179078974656967
0.25297606011134643,15943.400894509436,0.27195914435859453
0.26484306427265086,15943.500661239314,0.27219113407755124
0.26700492465620324,15943.600419307226,0.27245695017656996
0.2702008260749298,15943.70016871828,0.272738557015677
0.26961367450447,15943.799909477568,0.27301864118175556
0.2704514808956458,15943.899641590182,0.2732485204145918
0.27053204969574535,15943.999365061223,0.27333282458976604
0.2737955265230955,15944.09907989577,0.2731723232635962
0.27386929296233037,15944.198786098925,0.272693585760292
0.2679013286360081,15944.29848367578,0.2718246810323711
0.2691627025905665,15944.398172631416,0.27046493255564313
0.2702640469804948,15944.49785297093,0.2686838142085234
0.26721791480567786,15944.5975246994,0.2667442988933606
0.26058635860543483,15944.697187821917,0.26491646147718567
0.26004748709619013,15944.796842343572,0.26334924022621703
0.2567857178180702,15944.896488269438,0.26199248070499326
0.25425990974052043,15944.996125604595,0.26058435439562544
0.25703354666127826,15945.095754354139,0.25878489496712187
0.2549811966390766,15945.19537452314,0.2563906503294105
0.2438784655183153,15945.294986116687,0.253506871217253
0.2372030818027965,15945.394589139847,0.25056134631014343
0.23888474760281794,15945.494183597702,0.24799417120674996
0.23933366186794724,15945.593769495328,0.24618698147219262
0.23796840035641081,15945.693346837803,0.2454872220441709
0.24354840719874712,15945.792915630196,0.24612261885211661
0.24702602801810003,15945.892475877583,0.24822007443626667
0.2543958714115124,15945.992027585036,0.2514570674597168
0.25878176410062265,15946.091570757628,0.2550733835901658
0.25842053474211624,15946.191105400418,0.25840218512381924
0.2587697393862423,15946.290631518486,0.2610034529935653
0.26286498842250006,15946.39014911689,0.2626831775173825
0.2702448769965095,15946.489658200711,0.26364323113897364
0.2699477657116593,15946.589158775005,0.2642521613225354
0.2688572342618525,15946.68865084483,0.26481215059406327
0.2694169267462548,15946.788134415257,0.2654038057345253
0.275400188262612,15946.887609491345,0.2658208052808869
0.2733350076813541,15946.987076078165,0.26581087468800113
0.27050015063154653,15947.086534180757,0.26520197963036485
0.26829159013181486,15947.185983804195,0.2639907693999148
0.25805725062794915,15947.285424953528,0.26249043114718634
0.25206379631733755,15947.384857633822,0.26112031619797865
0.256935151784991,15947.484281850126,0.2600197803536245
0.25617039529767116,15947.583697607493,0.25920668839257427
0.25316982800685023,15947.68310491098,0.25858415427696574
0.25799571057286513,15947.782503765642,0.2579928074781938
0.25753018644622905,15947.881894176526,0.2570777209684039
0.256651211656381,15947.981276148685,0.2551779257423588
0.2538906386383719,15948.080649687156,0.2517845103153764
0.2527721451513301,15948.180014796997,0.2469181827536614
0.24241796541182994,15948.279371483253,0.24128030982165433
0.23289945507433488,15948.378719750976,0.23606256920487265
0.23219795931498108,15948.478059605202,0.23238790193948905
0.23421011223308247,15948.577391050972,0.23098031323593338
0.23796367248687764,15948.676714093343,0.23202574243505183
0.23816174668709786,15948.776028737337,0.23510038912948694
0.23844531115233542,15948.875334988006,0.23971449833732247
0.24498651744611602,15948.97463285039,0.24529283022736575
0.24916598590002345,15949.073922329524,0.2509080127835451
0.24989127976479414,15949.173203430442,0.25569550342270575
0.25700489839149365,15949.272476158185,0.2592915569879595
0.26461369300175674,15949.371740517783,0.2618635237015647
0.27020131976384193,15949.47099651427,0.2637827814733102
0.27014728283047773,15949.570244152686,0.2653265329769415
0.27036587290122305,15949.669483438052,0.26661134260245556
0.2689124374993311,15949.7687143754,0.2676267073591839
0.2711124075933771,15949.867936969767,0.2682969516846532
0.2739930946520168,15949.967151226176,0.2685805366953165
0.26305724388483515,15950.066357149655,0.2685139141524664
0.2650132038583249,15950.165554745228,0.268214024290262
0.26692677198718334,15950.26474401792,0.26784187289039985
0.259685962368815,15950.363924972758,0.2675365977321493
0.2614272392352812,15950.463097614764,0.26736156002783895
0.2664026053670281,15950.562261948957,0.2673256394086701
0.260164156730796,15950.661417980358,0.2674644213170705
0.2563585642955721,15950.760565713988,0.2678478921686792
0.26198684496229807,15950.859705154866,0.26848300036036493
0.2599397309960388,15950.958836308002,0.2692436191742725
0.26782525512694777,15951.057959178423,0.2699316407905471
0.2664256465091849,15951.157073771144,0.27038032211594815
0.2743334359785077,15951.256180091164,0.2704842898394297
0.2739080553360073,15951.35527814351,0.27020176746010327
0.2596151255227379,15951.45436793319,0.2695991812829172
0.25870637830547843,15951.553449465217,0.2688430025870918
0.2569991138168612,15951.652522744593,0.268114424289092
0.25477605519891244,15951.751587776333,0.26754696604816414
0.2536004624691009,15951.850644565442,0.26721239073143976
0.25432859596708435,15951.949693116929,0.26713602852592794
0.2532533641700548,15952.0487334358,0.26731062240438463
0.25457183315299836,15952.147765527052,0.2677007803873016
0.25592797197122247,15952.246789395696,0.26823969804353126
0.2572234373214154,15952.345805046723,0.2688202898570502
0.2597122416051492,15952.444812485151,0.26930012591767555
0.2618151262051122,15952.543811715967,0.26956082884366794
0.26678655028356696,15952.64280274417,0.2695869441828429
0.268031545606825,15952.741785574763,0.26945351384578764
0.271936038822653,15952.84076021274,0.26924943183784117
0.274033768917247,15952.939726663093,0.26904772114323144
0.2685450616820755,15953.038684930827,0.26892292076626584
0.27065306199655464,15953.137635020918,0.26894148545738544
0.2739409831935379,15953.236576938376,0.26912177628483985
0.26988557304533217,15953.33551068818,0.26941937597210674
0.2708845341693337,15953.434436275322,0.2697490510196769
0.2735090907286634,15953.533353704795,0.2700186633946588
0.271407907282838,15953.632262981591,0.27017968134875253
0.26784608028589585,15953.731164110684,0.2702615279661305
0.2705740661359157,15953.830057097062,0.27033266300169645
0.26986004556436044,15953.928941945725,0.27043168766471587
0.26498183152480753,15954.027818661636,0.27052938957927836
0.26255027394816716,15954.126687249787,0.27055339104449994
0.25614183217649467,15954.225547715161,0.2704436596407361
0.26666038862895086,15954.324400062735,0.27017253719988704
0.2732158189667936,15954.423244297484,0.26971903537072867
0.27107582336727265,15954.522080424395,0.2688263693000136
0.26852920978869455,15954.620908448438,0.26746958087773826
0.2689197426656742,15954.719728374592,0.2658269625031989
0.27136782607071386,15954.818540207827,0.26407870992934984
0.2661184181197863,15954.917343953126,0.2623881524170703
0.2621804591819035,15955.016139615454,0.2609180636058324
0.26220343141996927,15955.114927199782,0.2598056443561128
0.26109770424281414,15955.213706711087,0.2591100327279725
0.267574889514733,15955.312478154328,0.25881226637859395
0.26783240130139213,15955.411241534483,0.25891781903090794
0.2607001669457094,15955.50999685651,0.259579083842174
0.26167668992567367,15955.60874412539,0.26061158844813254
0.2674715383036124,15955.707483346067,0.2618280063129279
0.2723701121164937,15955.806214523516,0.2630931077360007
0.2729521737550039,15955.904937662706,0.26425527441172403
0.2760087576742861,15956.003652768586,0.26520807188381745
0.2748002170293195,15956.102359846127,0.265956085745821
0.271447950729966,15956.201058900277,0.2665855264192252
0.27482663475980557,15956.299749936006,0.2671852471592685
0.27846483772878344,15956.398432958264,0.26779401413934606
0.27454762280524997,15956.497107972005,0.26837961115641956
0.2753875531274987,15956.595774982192,0.26885277156023846
0.27294099167089103,15956.694433993775,0.2691116077189158
0.2702208348253795,15956.793085011706,0.26906050820266997
0.26833340590207266,15956.891728040944,0.26858642518432585
0.26179326911919437,15956.990363086428,0.26760875529632855
0.2669493916345853,15957.08899015311,0.2661532009794232
0.26737295552996204,15957.187609245946,0.26436727320783704
0.27185117067979486,15957.286220369875,0.26254133250809303
0.2721496675312988,15957.384823529848,0.26094099232925033
0.2732627088214377,15957.483418730813,0.25969989077561983
0.26992760925193654,15957.582005977709,0.2589156048420337
0.2674182147184466,15957.680585275477,0.2586953314388091
0.27133457000801314,15957.779156629063,0.25911599175148764
0.27487679138419807,15957.877720043407,0.2601539718727024
0.27221445573769104,15957.976275523453,0.26160410396434847
0.2700136181668225,15958.074823074128,0.2631161730425222
0.2698204102351297,15958.173362700385,0.26435406832698977
0.27323778241401675,15958.271894407146,0.2651430358522713
0.2743450566390462,15958.37041819936,0.2655713968601607
0.26681735910045423,15958.468934081951,0.2658440130760004
0.27191781341044613,15958.567442059848,0.2660603715620408
0.2779511612818184,15958.665942138005,0.26620772221235195
0.27630075061448633,15958.764434321327,0.266246929273843
0.27163631951854544,15958.862918614761,0.2661741324728623
0.269520576420281,15958.961395023225,0.2660391675446192
0.2652592573185579,15959.059863551658,0.2659069703333494
0.2609311677436431,15959.158324204978,0.265800865539637
0.26008533908371445,15959.256776988112,0.2656959894169853
0.26429053030712235,15959.355221905986,0.26554152136525244
0.2643083114190998,15959.453658963523,0.2653006786730791
0.2632675990630399,15959.552088165654,0.2649649618442581
0.25690677765897285,15959.650509517278,0.2645270089631654
0.2595706592899851,15959.748923023333,0.263948026949297
0.2641054745565476,15959.847328688737,0.2631402319434606
0.27211068924140935,15959.945726518401,0.26195552262462457
0.26143829591922524,15960.044116517249,0.2601732788249572
0.25002381064360774,15960.14249869019,0.2574588478820205
0.2602191489044523,15960.240873042147,0.253367354855518
0.2563163504540795,15960.339239578021,0.24757700944600639
0.24309335273856153,15960.437598302735,0.24009798348032801
0.2429819958614635,15960.535949221197,0.23125816251221618
0.22596487096685589,15960.634292338318,0.22159546623695464
0.20202070073596948,15960.732627659007,0.21186989093580413
0.20359116218509926,15960.830955188172,0.20307977759668927
0.21560754080505531,15960.929274930722,0.1962476641252122
0.21562066570674882,15961.027586891552,0.19204409568263678
0.20981230399304,15961.12589107558,0.19076708573551912
0.2118825768558274,15961.224187487707,0.19256700106583674
0.21353876429267196,15961.322476132833,0.19712818453546188
0.22462492874088316,15961.420757015863,0.20371922690267202
0.2360296165659643,15961.519030141691,0.21153039381926309
0.24252552657714177,15961.617295515223,0.2198178473442772
0.24597545333997362,15961.715553141346,0.22793875237091316
0.2562355347214115,15961.813803024976,0.23530070968988387
0.2580303274535726,15961.91204517099,0.24143680147441876
0.2628611207557525,15962.010279584301,0.24627979206352643
0.26493434831833096,15962.108506269788,0.2500783722944632
0.26360109744782484,15962.206725232347,0.2531567657149224
0.26679925991347203,15962.304936476881,0.2557335031925494
0.26725433268507715,15962.403140008268,0.2578493045676905
0.26362526118152757,15962.501335831394,0.2594198970585016
0.2613112364166523,15962.599523951161,0.26035686566402366
0.26252404202312135,15962.697704372453,0.26061148186806116
0.26467020260984786,15962.795877100147,0.2601310567793794
0.2664820807443273,15962.894042139138,0.258965854901264
0.26339169296988607,15962.992199494305,0.25734725335713793
0.25735096535880037,15963.090349170534,0.2556275293069641
0.25807376940361626,15963.188491172705,0.2541076732189938
0.2604399045817944,15963.286625505703,0.2529796514385367
0.26020770420257616,15963.3847521744,0.25243282864642447
0.26274046745463664,15963.482871183678,0.2525673827950691
0.2544960591481996,15963.580982538415,0.2533348715115676
0.25259481274954126,15963.679086243488,0.25456173786962466
0.25598064630903405,15963.777182303773,0.2560089804093313
0.25516779125263944,15963.875270724146,0.25725761624509297
0.25456027730645886,15963.973351509476,0.257861868515701
0.26293165220255843,15964.071424664637,0.2576764195266667
0.26350368086711573,15964.169490194496,0.25690721461222643
0.26509902358251447,15964.267548103926,0.2558817565136712
0.26394063042510973,15964.365598397802,0.2548573334627927
0.2583557726060038,15964.463641080984,0.2540880415670005
0.25397598405522787,15964.561676158337,0.2537551723057445
0.25104376710671494,15964.659703634732,0.25386514604951155
0.25702052626855126,15964.757723515033,0.2542700839417884
0.24978069155790536,15964.8557358041,0.2546452494405899
0.24828693503914703,15964.953740506797,0.2545798861637268
0.2519617638343507,15965.051737627986,0.25377035754415206
0.25253842267963694,15965.149727172526,0.25219546254481856
0.24975801655836213,15965.247709145278,0.2501660365048722
0.24932904561686584,15965.345683551093,0.24804998226683606
0.24807129046006735,15965.443650394844,0.24603873416875904
0.2386238762341536,15965.541609681364,0.24418288559687973
0.24198964236392143,15965.639561415526,0.24249793928033758
0.24001750130260088,15965.737505602176,0.24093152804424545
0.23554345392589432,15965.835442246163,0.23931179016904292
0.23110732368510617,15965.933371352345,0.2372003694554659
0.22271662488843022,15966.031292925572,0.2338414174317042
0.21716678289222904,15966.129206970687,0.22844620190631212
0.2068312781572775,15966.227113492547,0.22062107255119606
0.20164701032354207,15966.325012495992,0.21086942531832792
0.19086271370150726,15966.422903985871,0.20046299124175157
0.18209652943939017,15966.520787967022,0.19085264838910332
0.17189568412488607,15966.6186644443,0.18322759322484938
0.16300895673733556,15966.716533422543,0.17834458627268387
0.15743819343931337,15966.81439490659,0.17662540295850376
0.1701852786974179,15966.912248901284,0.1782792467392928
0.18322359977908295,15967.010095411455,0.1832856930004115
