time,flux
3418.54654121324,73985.34216022819
3418.5669736834243,73994.53283928285
3418.587405952683,73981.01419618736
3418.6078384219436,73971.10443238716
3418.6282707907303,73989.03734515444
3418.648703158593,73960.07087699867
3418.66913552599,73945.44458131932
3418.689567892914,73974.38239866606
3418.7100002593797,73931.18910404903
3418.7304326253798,73943.27886204024
3418.750864990441,73929.95187119793
3418.77129735551,73922.76377407818
3418.7917298196408,73856.67409443312
3418.8121620833117,73867.39998433908
3418.8325944465178,73890.04082991178
3418.853026909259,73909.22539433214
3418.87345917106,73936.516718353
3418.89389163287,73964.37161060177
3418.9143239937403,73923.31202354684
3418.9347562541516,73904.27147044316
3418.9551887140988,73975.53060371433
3418.9960533325866,73811.24873873476
3419.016485791137,73812.98114155215
3419.0369181487476,73819.75376495883
3419.0573504058993,73787.15400766737
3419.077782862587,73789.80542384376
3419.098215218808,73830.72594173458
3419.1186474745555,73799.72818650093
3419.139079929846,73821.9898109639
3419.159512284663,73772.45736462479
3419.1799446385558,73771.44762190938
3419.200376991983,73764.20234511358
3419.241241697433,73732.13331894725
3419.261674049463,73693.28349645578
3419.2821064010204,73735.06263443203
3419.3025388516544,73670.79146915459
3419.322971102287,73687.21787068914
3419.3434034519887,73694.53026497537
3419.3638359012184,73627.75441106186
3419.384268149988,73664.80226023786
3419.404700498286,73633.71468041245
3419.425132946126,73591.59249684085
3419.445565193033,73598.47022777563
3419.465997539475,73591.19957395809
3419.486429985911,73645.58940458915
3419.506862231421,73589.22138806152
3419.527294576459,73626.89351133138
3419.5477270210395,73569.92749300959
3419.568159264687,73548.92073517726
3419.5885917083287,73525.66587825048
3419.6090240510457,73503.01725563798
3419.6294563937627,73498.87781218908
3419.649888735541,73649.83499483224
3419.670321076861,73545.16557255926
3419.6907534172497,73505.09491217145
3419.731618097554,73487.01561091332
3419.7520504365457,73508.84784407855
3419.77248277553,73477.96191345982
3419.7929151135904,73460.43570220914
3419.813347451185,73446.64915228747
3419.833779788307,73462.00847746032
3419.8542121245046,73432.45118542011
3419.8746443607015,73405.53984385506
3419.895076796427,73418.47312201335
3419.9155091312277,73375.04995302745
3419.935941365562,73369.04776394652
3419.956373799425,73348.15797860711
3419.9768061328286,73309.24532085397
3419.9972384657667,73342.41693674885
3420.017670798232,73307.5858445689
3420.038103129773,73327.75391579527
3420.058535561315,73323.14161638696
3420.0789677919165,73302.22410902368
3420.0994001220606,73321.15579918526
3420.11983255174,73308.5280393375
3420.1402648809453,73243.3483434301
3420.1606971096917,73279.8517233905
3420.181129537974,73103.40673018126
3420.221994092666,73327.77556693212
3420.2424265190857,73267.68299163441
3420.2628588450316,73778.36326806457
3420.2832910705183,73267.33207045333
3420.303723495541,73208.81175741916
3420.32415582009,73231.028704838
3420.3445880441795,73186.59734567974
3420.3650204673395,73198.85405316023
3420.3854527904914,73203.66593205022
3420.4058850127185,73191.32897372967
3420.4263174344815,73223.59935127948
3420.487614396967,73170.08896692877
3420.5080467163934,73198.17687727779
3420.5284790358273,73127.19598855719
3420.54891135433,73134.24097831217
3420.569343672825,73166.90629466726
3420.5897759903964,73126.48714458973
3420.610208307502,73159.48859178094
3420.6306406241347,73146.22885159598
3420.651072840308,73146.28383224715
3420.671505255552,73139.47805400858
3420.6919375707876,73115.15633616531
3420.7123699851,73126.0786288051
3420.7328021994035,73139.6347085072
3420.753234512784,73101.47638984461
3420.773666925699,73100.13793279519
3420.7940991381474,73066.8881445056
3420.8145314501235,73093.95995594752
3420.834963861642,73109.26653959848
3420.85539607222,73087.87635784586
3420.8758283828065,73107.0796561506
3420.8962607924623,73069.41545763538
3420.9166930021165,73145.12690890268
3420.9575577190917,73114.19610317842
3420.977990026877,73069.78004195346
3420.9984222342027,73096.17470626984
3421.018854640599,73115.8552314598
3421.039286946987,73088.65116831921
3421.0597191524503,73075.12296527719
3421.080151557915,73079.94208090252
3421.1005838624405,73112.30762375421
3421.121016066507,73051.01560469723
3421.141448470109,73055.95110611313
3421.1618807732375,73044.29111372455
3421.182312975907,73065.75165147257
3421.202745378112,73101.49515302504
3421.223177679378,73060.222036507
3421.24360988065,73050.61486318635
3421.2640422809927,73026.09229583075
3421.2844745813272,73002.49891556405
3421.3049068807377,73040.20851995205
3421.3253391796825,73039.31832351051
3421.3457714781543,73053.2569059637
3421.366203676167,73027.43185015477
3421.38663607325,73056.28051669292
3421.407068370325,73062.48036479305
3421.4479329626265,72996.30868762164
3421.4683652578387,72982.1410018134
3421.4887983525914,73044.91645318975
3421.509230747346,73078.62375327149
3421.5296630411613,72987.17538480973
3421.5500952340517,72994.51315320474
3421.5705276269437,73012.84983797392
3421.590959919369,73036.66250182709
3421.6113923113226,73025.94347618891
3421.6318245023504,72990.46046828263
3421.652256792906,72990.0666649263
3421.6726891834696,72976.88063974549
3421.6931213731004,72990.37357621756
3421.7135536622663,72982.01945424023
3421.73398605096,72984.6179698038
3421.754418239194,73004.34388547772
3421.7748505269556,73021.86119097746
3421.795282913794,73017.33651774973
3421.8157152006315,72944.0945816053
3421.8361473869954,73007.83209285626
3421.856579772437,72998.00529089403
3421.877012057412,72966.073020603
3421.897444241913,73000.01213531072
3421.938308910001,72946.6559596515
3421.9587410931053,73010.5698699874
3421.979173475287,72990.95780438739
3421.999605757468,72911.78119589963
3422.0200379391754,72910.08058034159
3422.04047031996,72902.9777023115
3422.060902600744,72937.81237705513
3422.081334780589,72881.97624672852
3422.1017671599766,72892.87493181373
3422.1221994393636,72928.04224178448
3422.142631717812,72935.14381870112
3422.163063995802,72931.39870847944
3422.183496272861,72921.26407000044
3422.2039285499122,72898.303063223
3422.2243608265053,72889.52999614853
3422.2447931026327,72909.05032132793
3422.2652253778215,72877.927375471
3422.2856576530176,72866.69217859714
3422.3060899272823,72894.71143489957
3422.3265221010734,72880.86620111046
3422.3469544744075,72888.23449267134
3422.3673867472753,72865.5720402853
3422.3878189196694,72862.7508575847
3422.4491157340744,72828.03272455049
3422.4695481046147,72842.9078912242
3422.489980374223,72832.96143237145
3422.5104126438237,72848.15689498925
3422.5308449125005,72900.32655614207
3422.5512771807116,72843.80907733647
3422.5717094489155,72838.41136954541
3422.5921417161953,72877.11701575835
3422.6125739830095,72832.91606307047
3422.6330062493507,72831.40284037564
3422.6534386152343,72797.9290784809
3422.673870780185,72825.28592892866
3422.6943030451293,72841.49768399277
3422.714735409616,72783.15379403699
3422.7351675731697,72800.28794499452
3422.7555999367178,72818.90151389563
3422.776032199341,72811.85434893522
3422.7964643619634,72811.81644127899
3422.816896723649,72818.8911177158
3422.837328984875,72797.41191940723
3422.857761145635,72788.23796353984
3422.8781935059233,72808.58277842852
3422.8986257657525,72824.55632517728
3422.9190579251153,72803.59654880212
3422.9394902840068,72849.69348589773
3422.9599225419734,72834.82253914235
3422.9803547999327,72786.85680057287
3423.000787056968,72824.60484645578
3423.0212193140032,72785.44022762093
3423.0416514701064,72777.22011751642
3423.062083826204,72798.9790041089
3423.0825160813765,72803.53008316601
3423.1029482360827,72777.96766068667
3423.1233805903175,72775.16203255247
3423.1642449974024,72773.03010580869
3423.1846773502402,72754.44316402513
3423.205109602619,72780.98245561826
3423.2255417540655,72754.64496592095
3423.2459741055063,72799.7075838994
3423.266406356488,72731.48612697862
3423.2868385065376,72759.94423816998
3423.3072708565815,72763.37973784145
3423.3277031057005,72766.92230232754
3423.3481353543466,72793.1616423115
3423.3685676025343,72713.3863233677
3423.388999850722,72797.38111997832
3423.4094320979784,72750.65981633386
3423.429864344762,72784.58224416588
3423.450296591087,72760.04403046092
3423.470728836939,72757.33986224583
3423.491161181868,72742.53417113342
3423.5115933267953,72722.24778496946
3423.5320255712577,72733.04633578799
3423.5524579147823,72729.23168690398
3423.5728900583126,72694.23729084354
3423.593322301371,72709.43386510974
3423.6137546435057,72765.62030294733
3423.654619026842,72724.63936293806
3423.6750513675725,72954.79868343093
3423.695483507843,72997.19366844247
3423.7159157476417,72866.6985815847
3423.7363480869826,72826.10582966634
3423.7567802258563,72809.94041416363
3423.777212464265,72739.10240744392
3423.797644802202,72758.6601778586
3423.8180770396793,72742.28202335574
3423.838509176683,72692.91230561229
3423.8589415127644,72758.6407421066
3423.899805883986,72833.903153152
3423.920238219136,72811.76211932553
3423.940670353353,72796.50611859612
3423.961102587564,72823.3073998884
3423.981534920851,72781.43057467596
3424.0019670536713,72786.67857838694
3424.0223993864856,72746.74871252416
3424.042831618375,72731.98154048128
3424.0632637497984,72744.59053991681
3424.08369608075,72725.89433860654
3424.1041283112427,72795.60825752316
3424.124560441269,72752.58481107195
3424.1449927708236,72713.71672445784
3424.165424999919,72719.53254255906
3424.1858572280835,72745.56802882558
3424.2062894562405,72755.74233975814
3424.226721683939,72718.60309873061
3424.2471539107064,72734.40191084873
3424.2675861374664,72727.16741371615
3424.2880183633024,72655.70166707861
3424.3084505891384,72757.58942454956
3424.3288829140365,72694.33729379598
3424.3493150389404,72734.29459611535
3424.390179586415,72697.20820627768
3424.410611709456,72686.98865368828
3424.431043932498,72665.27306701799
3424.4514762546023,72685.06956460267
3424.4719083762466,72678.08834627939
3424.492340597426,72692.11248436417
3424.512772918133,72675.53220418502
3424.5332050383804,72669.76734498728
3424.553637258163,72636.67637128498
3424.5740695770073,72652.92868178769
3424.5945016958576,72622.01832199599
3424.614933914243,72655.23008959403
3424.6353661321555,72642.97176958373
3424.6557984491446,72623.3483307208
3424.6762305661323,72638.92514621737
3424.696662782182,72651.7711833402
3424.717094998239,72608.94646661167
3424.737527213365,72812.01771682712
3424.757959528484,72955.57916914787
3424.778391642678,72858.14539080439
3424.7988238568723,72641.3843342309
3424.819256170129,72605.18136186896
3424.8396882829256,72598.86196891793
3424.8601204952574,72585.6490944639
3424.8805528075827,72584.14124689756
3424.9009849189824,72517.35042156326
3424.9214171299172,72635.34077864084
3424.94184944038,72503.68253147228
3424.9622815503826,72515.08051859742
3424.9827137599204,72497.93337115184
3425.003146068986,72519.29869611522
3425.0235782775926,72442.66060983323
3425.0440103857327,72468.16951640147
3425.0644426929357,72505.53209075365
3425.084874900145,72514.8118310448
3425.1053070068883,72465.80617730627
3425.12573931316,72452.57777102485
3425.1461715189726,72413.29477011274
3425.166603623853,72486.52140920512
3425.1870359287277,72446.44583238823
3425.2074681326776,72453.26314080505
3425.2279002366267,72415.09987245523
3425.248332539639,72423.23181844736
3425.2687647426574,72619.42602476015
3425.289197044738,72424.98949215085
3425.3096291468246,72382.36047177453
3425.3300613479805,72387.1684162263
3425.35049364913,72311.80517688922
3425.370925749354,72370.74418771535
3425.3913579491127,72328.22904984787
3425.411790248865,72327.1299344823
3425.432222347692,72306.08757659426
3425.452654546054,72305.22579590547
3425.4730867439503,72322.94891666164
3425.4935189413736,72283.86061035006
3425.5139511383386,72259.90799278034
3425.5343833352963,72292.36421488215
3425.55481553133,72251.15697623936
3425.575247726898,72241.67973598214
3425.5956800219938,72247.13236812745
3425.6161121166297,72195.51649910242
3425.6365443108007,72243.16327159593
3425.6569766044995,72250.40286171583
3425.6774086977384,72233.50722268784
3425.697840890047,72145.75878670957
3425.7182731823486,72176.43494606914
3425.7387052741906,72162.802017206
3425.7591374655676,72170.41278529022
3425.7795697564725,72152.47988736321
3425.8000018469174,72162.0533131169
3425.820434036432,72032.44159883699
3425.8408663259397,72076.9726343831
3425.8612985149884,72041.56488870703
3425.881730603105,72068.84120595841
3425.902162891216,72058.65516193326
3425.9225950788677,72071.30140579901
3425.9430271655874,72037.4069208304
3425.9634594523013,72043.67078454589
3425.983891638556,72033.44754651582
3426.0043237238788,71987.65119701483
3426.0247560091957,71967.84407214283
3426.045188193588,71961.5884780417
3426.065620277979,71935.48245768863
3426.0860525614335,71962.53850111591
3426.1064847448943,71919.08614449875
3426.126916827423,71914.57466369221
3426.147349109946,71931.96770248898
3426.167781291544,71903.15849875296
3426.1882134731422,71915.23047480725
3426.208645653802,71892.38316169128
3426.229077834003,71912.31650402032
3426.249510014204,71918.46475347537
3426.2699421934667,71906.50898435448
3426.290374372271,71920.03429966318
3426.310806551075,71923.53591122855
3426.351670906348,71768.19979012768
3426.372103083755,71716.89669837143
3426.3925352602237,71755.587902789
3426.412967436234,71739.2326637097
3426.4333995122433,71726.26817011315
3426.4538317873157,71700.58093841079
3426.474263961929,71677.45997212845
3426.49469623607,71658.41034946796
3426.515128310217,71623.19705658998
3426.535560483433,71645.70458111133
3426.5559927561844,71627.4136953857
3426.5764248284613,71610.08575708105
3426.5968570007462,71649.97951180633
3426.6172892720933,71570.51730656848
3426.6377213429805,71543.29460305617
3426.658153513403,71568.24282699186
3426.67858578336,71505.8850552266
3426.699017952844,71513.16270503958
3426.719450022334,71509.51369873881
3426.739882290887,71508.03578127947
3426.760314458981,71489.14930402045
3426.7807465266087,71483.48675021144
3426.801178793772,71464.03282748633
3426.8216109609275,71411.30735655292
3426.842043027158,71391.44064949028
3426.862475292917,71376.89981384364
3426.8829074582172,71369.23222799577
3426.903339523051,71358.22979785324
3426.9237717874203,71354.04896895634
3426.944203951316,71366.95519642824
3426.9646360152183,71304.56612135151
3426.9850682781835,71291.46305411322
3427.0055004406895,71260.27103344185
3427.02593260273,71310.9778408275
3427.0463647643046,71267.6361898047
3427.0667969254064,71236.4769930197
3427.0872290865154,71184.12277092393
3427.107661246686,71148.50684899693
3427.128093406398,71088.4359711941
3427.1485254656436,71038.25669891687
3427.168957724425,71081.17947892919
3427.189389882733,71045.27293016546
3427.209822041048,71020.05457491246
3427.2302541984245,71053.6476760873
3427.2506863553426,70986.13279728152
3427.2711184117943,70964.45043239015
3427.291550667782,70944.37692925027
3427.3119828237614,70952.6171938197
3427.332414878816,70897.6991135511
3427.3528471333993,70871.52352702506
3427.3732792875235,70903.7238861333
3427.3937114416476,70884.74939865842
3427.4141435948404,70825.8249560501
3427.4345757475603,70830.74156204895
3427.4550079002875,70819.49668928505
3427.475440052076,70761.81804212656
3427.495872203406,70805.77868394992
3427.5163043542707,70770.13377579715
3427.5367366051287,70691.53559539022
3427.557168655061,70691.18583336944
3427.5776008045286,70711.24207487589
3427.5980330539896,70692.99632886995
3427.618465102525,70665.09269507932
3427.6388972510613,70671.69717523841
3427.6593294986596,70607.04056282146
3427.679761545798,70577.68628277014
3427.7001936929373,70546.05332477296
3427.7206259391387,70485.18353691291
3427.741057985346,70437.72550280875
3427.7614901306224,70372.38962545642
3427.7819223758925,70369.31964064497
3427.802354420237,70433.67630650198
3427.822786664583,70515.03656993315
3427.8432188079896,70416.71942747288
3427.8636509514035,70301.38232298777
3427.884083094352,70263.44393183159
3427.9045152363615,70260.27543310836
3427.9249473783784,70240.443731642
3427.945379519464,70219.53314537204
3427.9658116605424,70145.7301079055
3427.9862437011616,70174.93470258507
3428.0066759413166,70123.28939435775
3428.0271080805323,70101.80284335329
3428.0475401197546,70065.05996657372
3428.0679723585126,70033.99137802342
3428.088404496797,70004.84115795286
3428.1088365341566,69981.99025737547
3428.1292687715177,69937.04800743671
3428.149700908405,69917.21776031822
3428.1701329448333,69859.50766511928
3428.1905651807974,69865.63983648628
3428.210997316288,69829.74437015914
3428.23142945132,69825.1888812091
3428.251861585886,69768.20613971242
3428.2722937199796,69735.87818965956
3428.3335901194805,69574.0401294654
3428.3540222517186,69601.56206146843
3428.3744544834917,69641.58774143133
3428.394886515256,69511.64711756512
3428.415318646097,69481.96906959292
3428.435750876466,69455.90840350582
3428.456182906375,69418.14039126471
3428.476615036285,69407.8328835032
3428.497047265264,69469.03050291131
3428.5174792937687,69530.14226985749
3428.5379114222815,69389.42131862753
3428.5583436498564,69326.6156309697
3428.578775677437,69350.25837037365
3428.599207804087,69263.99650672697
3428.619640030738,69229.89556484754
3428.640072056449,69281.30599614923
3428.6605041821676,69224.15842210004
3428.6809364074143,69135.01092827228
3428.701368531736,69094.46287520567
3428.721800556057,69103.80613218622
3428.742232779914,69012.0337189188
3428.7626649032973,68948.69455583121
3428.7830969257557,68964.35853708885
3428.8035291482083,68968.62868638049
3428.8852575333804,68833.44588068765
3428.905689653511,68747.57283808972
3428.92612187317,68766.18790782624
3428.9465538923687,68726.91673450761
3428.9669860111026,68693.88835163559
3428.987418229837,68631.10692473348
3429.0078502476317,68577.08735468444
3429.0282823649686,68590.95522523554
3429.0487145818333,68565.99985057619
3429.0691466987046,68571.31707455232
3429.0895787146437,68502.97397947643
3429.1100109305844,68475.55026954364
3429.1304430455857,68425.02931582318
3429.1508751605943,68392.507646217
3429.1713072746643,68298.4647014237
3429.1917393887416,68291.47097738876
3429.212171602354,68266.60356849944
3429.2326036150334,68195.7349739594
3429.2530357277064,68173.68837841727
3429.273467939922,68135.57449889413
3429.2938999516628,68092.17039082118
3429.314332062946,68077.09670816924
3429.3347642737644,68058.75028460204
3429.3551962841157,67994.89674802775
3429.3756283939947,67960.08540523027
3429.396060603416,67914.04950338637
3429.416492612363,67911.57940717576
3429.4369247208524,67888.35253413746
3429.4573569293425,68525.30658052178
3429.4777889368997,67820.59488783938
3429.498221043985,67812.42049477533
3429.5390853572317,67779.70022834062
3429.559517363392,67739.42944724091
3429.5799495686224,67698.71026360347
3429.600381673845,67676.87039080264
3429.620813678608,67687.89813950502
3429.6412458824416,67650.56994890269
3429.6616778862663,67612.63529790395
3429.6821099896333,67534.3570493615
3429.7025421925355,67616.58556208422
3429.7229741949704,67451.41425466027
3429.7434062969332,67455.14107869608
3429.7638384984384,67352.3344128748
3429.784270499469,67296.37800057046
3429.804702600042,67248.86879850214
3429.8251348001504,67277.48588551866
3429.845566800257,67241.07120758841
3429.865998899426,67257.13097267707
3429.886431098137,67210.34649326353
3429.9068631968403,67199.99813642306
3429.9272951946186,67185.46647753134
3429.9477273923985,67167.93259602984
3429.9681594897047,67185.93517875849
3429.988591486086,67096.27269587392
3430.009023682469,67114.10331628527
3430.029455778378,67051.88933914482
3430.0498877738282,67061.5605897572
3430.070319968814,67012.22779605057
3430.0907520633264,67018.08845297525
3430.1111840573794,66969.19568920412
3430.1316162509684,66944.6824052456
3430.1520483440836,67046.38001839315
3430.1724803372053,66931.397595141
3430.1929125293973,66890.05845681386
3430.2133446211155,66866.2203836456
3430.233776712841,66888.86704445163
3430.274640894422,66848.20203171109
3430.2950729847507,66850.62490664865
3430.315505074148,66860.0126569582
3430.335937163538,66827.08712452515
3430.3563692524694,66822.8128322887
3430.376801440936,66788.24278357207
3430.3972334289283,66750.33567771057
3430.417665516463,66742.79663643832
3430.438097603532,66763.27773941928
3430.4585296905934,66902.49349792743
3430.478961876732,66744.67068060016
3430.499393862403,66666.0274150244
3430.5198259480676,66653.98099013619
3430.540258132809,66680.88990576613
3430.560690117549,66628.62933090201
3430.5811222018165,66653.05642450188
3430.601554385161,66611.41951837367
3430.6219863685037,66589.33242484879
3430.6424184513744,66588.31591829174
3430.6628506337875,66566.16927685558
3430.6832826157333,66558.0821238784
3430.703714697207,66551.92000545796
3430.724146878223,66510.60718050346
3430.7650109393144,66520.18357365554
3430.7854431189335,66527.6289019687
3430.805875198552,66530.0282480502
3430.826307177231,66505.3906978043
3430.8467393559185,66444.07122733408
3430.8671714341326,66494.12521636723
3430.8876034118875,66483.30150820137
3430.9080355891783,66470.64979530321
3430.9284676660027,66457.14024911915
3430.9488996423534,66488.01805510056
3430.969331818247,66443.17934009363
3431.010195868628,66413.71319828815
3431.0306280435907,66450.14320693887
3431.051060117621,66385.36638216887
3431.071492191644,66373.78212914427
3431.0919242647433,66379.26498918238
3431.112356337835,66389.41202268976
3431.1327884104685,66389.55625711985
3431.1532204826362,66332.19686080252
3431.1736525543383,66332.19715691113
3431.1940846255675,66351.08529735624
3431.214516796339,66376.45832855203
3431.2553808364755,66336.85949274938
3431.275812906315,66265.029597168
3431.296244975223,66331.00332356126
3431.316677044124,66305.39928769102
3431.3371091125664,66329.31566818035
3431.3575411800703,66341.0464742019
3431.3779731475806,66346.65316002279
3431.398405314627,66350.23304500006
3431.4188373812067,66335.77641099268
3431.439269347313,66315.888174543
3431.4597015134277,66339.82872077715
3431.4801335786033,66334.04636262478
3431.5005656433204,66378.76540987656
3431.5209977080376,66320.38366880285
3431.5414297718235,66337.85838193506
3431.561861835602,66322.56203711353
3431.582293998923,66318.64723131848
3431.6027259617695,66368.33047505359
3431.623158124159,66361.93589621062
3431.6435901860823,66333.4847486944
3431.664022147539,66305.87516652078
3431.6844543085244,66330.54211754297
3432.0113672289444,66377.32969983356
3432.031799282944,66404.97084240596
3432.052231436486,66372.74362745481
3432.0726633900267,66374.25885529435
3432.0930953426287,66405.99107579776
3432.1135274947737,66440.19545203337
3432.133959546918,66419.1118405063
3432.1543915981238,66458.84997858705
3432.1748236493368,66465.41668500015
3432.195255700084,66438.1014661431
3432.2361198001745,66480.31182924728
3432.256551849525,66509.54046701032
3432.2769837984015,66508.48164064564
3432.2974159468213,66504.69485016588
3432.3178479952403,66543.25255619317
3432.3382800427207,66522.94361677801
3432.3587120902084,66547.407053497
3432.3791441372305,66548.70740877648
3432.3995761837796,66556.70405907444
3432.420008329871,66592.63887720574
3432.4404402754953,66598.32407639752
3432.4608723206475,66632.86254154015
3432.481304465342,66631.48104748764
3432.501736410035,66636.62531532986
3432.52216845379,66637.63076879994
3432.5426005975532,66654.39560131636
3432.5630325408492,66741.3825004471
3432.583464583673,66628.04042515204
3432.6038967255736,66677.92506061311
3432.6243286679382,66676.61685371892
3432.644760709365,66716.85134465902
3432.6651928503343,66689.57726771102
3432.685624791302,66731.15496055625
3432.7264889713697,66849.69159324838
3432.746921010941,66831.40783306592
3432.7673530500397,66791.3464110963
3432.78778508868,66827.3719053985
3432.808217126847,66844.24123463569
3432.828649164556,66833.81545653455
3432.8490812022646,66869.14332015374
3432.869513239042,66871.19416972871
3432.889945375813,66925.72765941487
3432.910377312124,66956.57652871973
3432.9308092479696,66948.55678775748
3432.9512413833436,66960.57454828768
3432.9716734182584,66948.05839543084
3432.992105352707,66960.24600810351
3433.0125374871495,67000.9212852055
3433.0329695206674,67028.31864039942
3433.0534014541845,67006.48796210105
3433.0738335867645,67090.41340720728
3433.094265619351,67055.71236651775
3433.114697551471,67049.74435690689
3433.1351296835855,67068.99248916152
3433.155561714775,67177.46512352438
3433.1759937454917,67067.99701089268
3433.216857806008,67083.9742300515
3433.2372898358008,67164.97161955002
3433.257721965121,67187.8604478945
3433.2781538939817,67222.50948423329
3433.29858592237,67233.65236848014
3433.3190180507663,67237.29438314948
3433.33944997823,67252.73064111818
3433.359882005694,67275.38546995242
3433.3803141322205,67296.8948426931
3433.4007460587527,67295.46612095294
3433.4211780848127,67341.77893279432
3433.4620421355503,67381.40785831836
3433.4824741606863,67366.44702037935
3433.5029062848844,67437.19129023729
3433.5233382090883,67518.97919861622
3433.54377023282,67469.76461433987
3433.564202356094,67472.40075998154
3433.5846343789017,67515.30026587704
3433.605066301243,67511.03574029873
3433.6254984231127,67554.60601734462
3433.645930444989,67595.06622075256
3433.666362365926,67633.6070559075
3433.686794486872,67677.53400877415
3433.707226507351,67681.73895622492
3433.7276585273576,67709.21046256972
3433.7480905469056,67746.27012158472
3433.768522465987,67734.18550984708
3433.788954585063,67755.07555227356
3433.809386603214,67747.35955679369
3433.8298185213644,67802.4907798982
3433.850250639043,67818.5390474765
3433.870682656263,67821.52688786802
3433.8911145730162,67847.204008496
3433.911546689298,67900.23438167371
3433.931978705121,67910.84145044406
3433.952410620943,67912.70415540047
3433.9728427362934,67970.06970721734
3433.993274750719,67996.74619703596
3434.013706765145,67978.70899395895
3434.0341387795634,68015.83184424501
3434.054570793058,68055.98316580644
3434.0750028060866,68073.74363078883
3434.095434919109,68110.19928409549
3434.115866831671,68170.5915592468
3434.136298843303,68132.37785059538
3434.156730954928,68157.92078605849
3434.1975948772597,68212.64562616109
3434.218026987488,68206.07862618788
3434.238458897722,68210.68079925847
3434.258890907491,68281.59827972282
3434.279323016788,68313.89464285945
3434.299754925625,68304.06499462004
3434.3201869339973,68353.03145546721
3434.3406190418973,68326.3076196597
3434.361050949803,68418.84661132991
3434.381482956778,68384.80956676356
3434.401915063747,68415.38109434312
3434.4223470702564,68480.63849461872
3434.4427789762995,68516.82340228853
3434.463211082337,68540.01316213718
3434.4836430874493,68547.54735102094
3434.504074992561,68654.98974645644
3434.5245070967358,68618.99443232115
3434.544939100917,68636.20600880844
3434.5653710046317,68709.86681503736
3434.5858031083408,68689.5542286451
3434.606235011124,68689.72679082512
3434.626667013443,68725.43400984044
3434.647099115755,68744.79238046538
3434.687963118995,68822.27139467438
3434.7083951199093,68865.96854969037
3434.7288270203644,68918.04776825092
3434.749259120814,68951.75093390618
3434.769691120804,68978.34472098641
3434.790123019862,68977.07291405559
3434.810555118922,69016.42626758594
3434.830987117508,69017.949071224
3434.851419116101,69081.60008951975
3434.871851113756,69109.04313766253
3434.892283111418,69160.67672930639
3434.912715108614,69165.88017104368
3434.933147205338,69172.29393318832
3434.9535791016024,69196.9584793223
3434.9740110974017,69257.45480208991
3434.994443192729,69269.8520009599
3435.0148750880617,69297.88291742365
3435.0353070829296,69352.72224381042
3435.0557391773254,69333.60899100266
3435.0761710712613,69353.50217040947
3435.0966030647323,69427.57868551908
3435.117035157731,69406.5413177573
3435.1374670507357,69428.20588273402
3435.178331135343,69531.346480439
3435.1987630269505,69568.98368549239
3435.219195018093,69582.20770763859
3435.2396271092293,69601.1789847409
3435.2600590994407,69636.76750779558
3435.2804909896513,69668.30741931465
3435.3009230793905,69734.51566834761
3435.3213550686705,69727.50618658478
3435.34178695795,69771.68016406048
3435.362219046292,69796.92380172985
3435.38265093464,69839.90777077565
3435.403082922523,69849.87978760083
3435.423515009934,69852.65596982288
3435.443946896885,69902.32853320359
3435.464378883371,69946.96771795768
3435.4848109698505,69941.97936225402
3435.5052428554045,70061.21654038744
3435.5256748409593,70154.5956789516
3435.546106926042,70189.85075369336
3435.56653881113,70207.88456510028
3435.5869708952887,70189.08002412473
3435.607402879439,70178.8897228018
3435.627834762665,70596.92104477873
3435.648266845892,70213.43039026986
3435.6686988291112,70235.75562682873
3435.6891308114064,70242.94200880916
3435.709562793236,70272.0486777253
3435.729994775058,70325.18835359825
3435.750426756422,70369.55110573635
3435.7708588373207,70332.91062712685
3435.791290717745,70395.77162387986
3435.8117226981776,70425.18116097679
3435.8321547776795,70452.32711421287
3435.8525866571727,70480.00337610467
3435.873018636208,70445.47627765035
3435.913882592875,70561.1520239125
3435.934314570979,70563.10830246905
3435.9547466486183,70643.28764332176
3435.975178525783,70652.7129632776
3435.9956105024903,70681.22650720099
3436.0160425787326,70676.30596907303
3436.0364744545004,70800.5424698663
3436.0569064302763,71005.96177158922
3436.0773385055872,70969.59959929362
3436.0977704804245,70940.29632571353
3436.1182023548026,70894.86180383836
3436.1590664026226,70961.71296163254
3436.1794982760694,70964.05496846675
3436.199930349052,70975.44558896986
3436.22036222156,71003.19417326311
3436.240794193611,71007.66962967832
3436.261226265662,71009.40644209506
3436.281658137239,71102.63150210306
3436.3020901083582,71111.17503512804
3436.3225221790126,71135.11798563672
3436.3429540491925,71144.92086190985
3436.3633860193804,71229.58029980105
3436.4042499578863,71364.9595695682
3436.424682026678,71293.52227168501
3436.445113995469,71280.51011697759
3436.4655458633206,71274.63421416812
3436.485977931181,71300.49986490536
3436.506409898575,71377.76333208167
3436.526841865496,71678.92799717332
3436.5472738319586,71447.49647388337
3436.5677057984212,71540.3146759363
3436.5881377639453,71442.86989706442
3436.6085698294773,71515.5368207088
3436.6494336596006,71538.35858989708
3436.6698657237357,71553.37942442688
3436.6902975878693,71518.38623985015
3436.7107295515307,71571.43085321342
3436.7311616147344,71597.82317076185
3436.751593477471,71614.73599613267
3436.7720254397354,71662.550789912
3436.792457502008,71694.96978983116
3436.812889363806,71711.86433559419
3436.8333213251462,71696.5292968339
3436.8537533864874,71752.06422664327
3436.8741852468956,71756.40147261952
3436.8946172072974,71835.3898881642
3436.9150492672416,71835.0247479932
3436.935481226712,71860.90203023353
3436.9559130857233,71874.69090001668
3436.976345144736,71932.11244837765
3436.9967771032752,71961.57113368569
3437.017208961355,72011.02029360278
3437.037641018971,71985.21115320848
3437.0580728761124,72031.41012490501
3437.078504833262,72029.55162936827
3437.0989368899463,72048.03380937794
3437.139800701909,72052.22765700435
3437.1602327571964,72079.19467451256
3437.180664612475,72076.04420598414
3437.201096567296,72077.2485568743
3437.2215286216524,72115.33131762303
3437.2419604755414,72126.2013052359
3437.2623925294247,72195.64395860759
3437.282824482849,72245.76901174459
3437.3032563357992,72270.45116886152
3437.323688388293,72268.28118492944
3437.34412034032,72322.1377627701
3437.3849842439013,72318.71349481857
3437.405416194997,72329.94736808147
3437.42584814562,72312.19776912409
3437.446280195785,72374.8457929188
3437.466712045949,72426.73065675494
3437.4871439956405,72442.53655009856
3437.5075760448744,72461.7290439414
3437.528007893641,72483.88119989086
3437.5484398424014,72539.09761872854
3437.568871890704,72581.72453509629
3437.5893037385395,72576.35164361543
3437.6301677328083,72615.8821997532
3437.6505995797124,72644.10486593911
3437.6710315261444,72642.27360716426
3437.6914635721187,72676.98476329536
3437.711895417626,72649.26442105236
3437.7323273631264,72653.60671439226
3437.7527594081694,72704.4846453594
3437.773191252745,72740.19578684871
3437.793623196849,72706.40060215471
3437.8140552407276,72757.07997104999
3437.83448718414,72856.12444293645
3437.8549190273116,72785.51902287707
3437.875351070259,72825.76023811976
3437.8957829125065,72867.68911754138
3437.9162148547475,72833.05956555658
3437.936646896298,72835.67220535802
3437.957078737614,72933.88948834396
3437.977510678691,72938.80170039966
3437.9979427193102,72953.83625715475
3438.018374559695,73081.27103948829
3438.038806499375,73009.37888515987
3438.059238539063,73018.47311278075
3438.0796703782835,73110.45321025897
3438.1205343555557,73154.74335045223
3438.1409661936123,73161.30747785246
3438.16139823143,73113.93069041784
3438.181830168789,73133.21572902946
3438.202262105915,73129.65061222106
3438.222694042568,73152.7899139346
3438.2431259789955,73156.97740881138
3438.2635579149573,73163.5799880837
3438.283989950447,73219.57528436593
3438.3044217859424,73217.8407040457
3438.32485372074,73232.37387956878
3438.3452857552984,73247.58540557926
3438.3657175896296,73268.19141566362
3438.386149523263,73291.6627632094
3438.40658155689,73337.52765464252
3438.4270133900573,73339.0798357932
3438.4474453227594,73342.97534850509
3438.4678773552223,73353.32654955075
3438.4883091872252,73360.85358625371
3438.508741118996,73380.7099273111
3438.5291731505276,73390.3771144711
3438.5496049813664,73482.34571834996
3438.570036912206,73400.20778693502
3438.610900772481,73364.94232117818
3438.631332702156,73408.80259008429
3438.6517647313594,73418.81778274318
3438.6721965601027,73449.60354382507
3438.692628488847,73495.52515280206
3438.713060516886,73493.83919272365
3438.7334923449307,73545.51424537263
3438.753924272278,73482.70146882233
3438.7743562993855,73596.40875256307
3438.794788126266,73526.1668900797
3438.815220052682,73536.33884912555
3438.8356520788584,73557.78314195726
3438.856083904575,73558.48837031356
3438.876515830052,73562.26991408425
3438.8969478550716,73603.68660905577
3438.917379679857,73617.9922353547
3438.9378117041706,73611.50421966164
3438.958243628258,73630.7535082163
3438.978675451879,73654.61468777622
3438.9991074750287,73700.62624328617
3439.019539398185,73663.88616008079
3439.0399713206425,73713.86016010912
3439.06040324286,73677.6447140875
3439.1012670863784,73684.96802376829
3439.1216991076653,73698.0225096
3439.1421309284924,73734.7888259367
3439.1625628490874,73713.28702830215
3439.1829948692102,73730.21101861178
3439.203426689106,73725.12174291284
3439.223858608537,73711.97475152048
3439.2442906277283,73744.95481648552
3439.2647224466928,73738.76755394475
3439.2851543649595,73762.59807888957
3439.3055863832196,73753.15225123029
3439.3464501183553,73770.17543742228
3439.3668820354505,73771.66124091663
3439.3873139520874,73783.84327611135
3439.4077458684915,73809.51589748413
3439.428177884656,73818.01473083945
3439.448609700361,73821.39068029964
3439.469041615601,73806.67282560955
3439.4894736306014,73839.06422230265
3439.509905445375,73813.42746050138
3439.5303373596835,73809.62741009559
3439.55076937352,73821.06205019483
3439.571201187362,73836.33162354951
3439.5916331005064,73845.20943590047
3439.6120651134115,73835.6949167948
3439.6324969260895,73827.4134419329
3439.6529288383026,73851.26751059918
3439.6733608502764,73870.63566584735
3439.693792662023,73876.39973189312
3439.7142246730727,73887.11514674075
3439.7346565841144,73856.58515288177
3439.755088394697,73881.58628038583
3439.7755204048153,73887.24018679638
3439.795952314693,73941.70010517731
3439.836816133531,73913.80616181323
3439.8572480424773,73904.87919448686
3439.877679950965,73919.66271560806
3439.8981118589872,73942.35129946706
3439.918543767002,73920.05750009036
3439.9389756745586,73932.34230028745
3439.959407681643,73945.0255867441
3439.9798394885,73935.55859925774
3440.0002713948925,73891.76791254671
3440.0207034010527,73918.47100075759
3440.0411352069714,73942.29298984852
3440.081999117654,73930.61032329182
3440.102430922416,73918.94360911845
3440.1228628269455,73918.1611487441
3440.1432948310103,73958.1621816682
3440.1637266348334,73952.30659462014
3440.184158538199,73933.95150576654
3440.2045904413317,73932.7150156258
3440.2250223442243,74051.72054325043
3440.2454542466585,73978.72794702953
3440.265886148627,73971.89523366536
3440.2863180505883,73951.37007250372
3440.3067499518584,74015.29668616131
3440.327181953122,73981.83949155718
3440.3476137539255,74014.10140795071
3440.3680456542643,73967.91393118852
3440.388477654371,73983.36989508894
3440.408909454236,73961.36227017234
3440.4293413536434,73971.16911161259
3440.4497733528115,73932.08235730424
3440.4702051515196,73963.97108567873
3440.4906371499965,73946.79228819259
3440.511069048007,73977.34822626672
3440.5315008457765,73959.3828695059
3440.572364740394,73933.25205020109
3440.5927965372393,73976.89707384523
3440.6132285336207,73978.6648949975
3440.6336604297685,73962.37401973206
3440.6540922254426,73946.41749045553
3440.6745242208926,73963.64836157793
3440.694956116102,73951.83724569571
3440.7153880108526,73914.85522475536
3440.7358199053706,73939.4180573055
3440.756251799423,73890.09398944452
3440.776683693235,73916.10462920764
3440.7971156865897,73912.3672708514
3440.8175474799355,73902.4059024176
3440.837979372591,73874.40686309719
3440.858411365014,73891.53934611894
3440.878843157203,73872.70513176167
3440.8992750491525,73883.86907123703
3440.9197070406444,73874.60680592862
3440.940138831662,73852.24687248773
3440.9605707226874,73876.33703154187
3440.981002713015,73883.32404346696
3441.001434503334,73812.40007678173
3441.0218663931955,73888.08825078842
3441.062730171747,73862.79405911485
3441.083162060677,73880.64352134932
3441.103593949374,73859.47643661847
3441.1240258375983,73893.4362854205
3441.144457725364,73862.33154086221
3441.164889712898,73864.32493769641
3441.18532150019,73806.84121250182
3441.2057534870255,73861.18075686997
3441.2261853736272,73826.36456066495
3441.246617159988,73846.41360174346
3441.267049145892,73872.0636068322
3441.2874810315625,73838.9643821148
3441.307912816759,73820.93468539651
3441.328344801732,73823.03636912654
3441.348776686471,73803.49006114794
3441.3692084707363,73809.42271335906
3441.3896404547777,73812.0721055537
3441.4100723383526,73773.09791959827
3441.4305041216867,73772.08901317608
3441.4509361047967,73773.65202262947
3441.4713679874403,73793.47006018978
3441.491799769843,73777.60009549439
3441.512231751789,73749.27545310713
3441.532663633501,73815.10019287218
3441.5530955149734,73790.29375829437
3441.573527395987,73741.08301329619
3441.593959276768,73726.2586889317
3441.614391157309,73748.9317859992
3441.6348231373922,73709.13379089606
3441.655254917241,73756.53227098555
3441.675686796618,73674.33113321263
3441.6961187757697,73706.81491407922
3441.7165505546873,73731.18701678395
3441.7369824331327,73659.60270971853
3441.7574144113532,73689.15310898409
3441.7982780668535,73706.96518409706
3441.81871004391,73668.7328933004
3441.839141820965,73605.8175713497
3441.8595736975476,73645.88675965673
3441.880005573672,73672.93679415158
3441.9004374497963,73705.22190181892
3441.9208694254485,73702.52574143124
3441.9413012006407,73695.04302263776
3441.961733075601,73664.03109468998
3441.982165050322,73626.07783323474
3442.0025969248163,73697.46616321834
3442.043460672634,73608.17001103042
3442.0638925459643,73598.71181139602
3442.084324319061,73644.37684529118
3442.1047562919193,73623.669317293
3442.1251881643184,73623.3109409902
3442.145619936484,73655.97432093577
3442.1660519084107,73631.93709188994
3442.1864837798785,73612.429605689
3442.2069155511126,73581.12151322818
3442.2273475218753,73564.59573603871
3442.2477793924118,73635.71277613618
3442.2682111627146,73610.30123481335
3442.288643132779,73554.39011042147
3442.309075002384,73626.0628446393
3442.3295067717554,73570.8514345347
3442.3499387406555,73604.57055096625
3442.3703706093293,73507.86481143499
3442.390802477763,73582.3169354581
3442.411234345738,73565.37841516454
3442.4316662134806,73558.46462424025
3442.4520980809903,73598.93686351209
3442.4725300480277,73582.66919190687
3442.492961814838,73572.47885773497
3442.513393681409,73538.28460585405
3442.5338256475225,73568.41103995252
3442.5542574134015,73599.16671744871
3442.5746892790485,73579.93421218889
3442.5951212442233,73568.52647740529
3442.615553009171,73578.7423909613
3442.63598497388,73551.9696921322
3442.65641683813,73558.26469238877
3442.6768486021465,73552.21463901362
3442.6972805659243,73552.48529856012
3442.717712329242,73540.03585610692
3442.738144192328,73559.10624002333
3442.779007917561,73510.36790770173
3442.7994397797156,73498.33581552669
3442.819871741398,73472.53226643041
3442.840303603087,73474.69577992156
3442.860735364309,73434.0557880199
3442.8811673250602,73441.98013501054
3442.9015991858178,73513.90773407662
3442.922030946109,73458.54253869448
3442.9424629059286,73489.56485134417
3442.9628947657548,73410.66828759086
3442.9833265251145,73428.24606222498
3443.0037584842357,73426.62769369216
3443.024190342898,73476.23912929311
3443.0446221013262,73406.97367664865
3443.065054059516,73401.74980663536
3443.085485917247,73452.71892082714
3443.105917674977,73394.71919904425
3443.1263496320025,73401.51152978955
3443.1467814890348,73403.78964460363
3443.1672132456006,73403.72932316887
3443.187645201928,73372.07296565668
3443.2080770580287,73380.22326857942
3443.228508913664,73411.93674785367
3443.248940769059,73407.17949798814
3443.2693726242287,73437.75027475238
3443.2898045789334,73384.4342467059
3443.310236433397,73370.69036037242
3443.3306681876347,73369.5073589186
3443.351100141401,73401.00587401804
3443.3715319949406,73371.9752583882
3443.391963748247,73348.50421177941
3443.4123957013217,73387.14773441596
3443.432827553923,73366.37267226017
3443.4532593062977,73387.4849853003
3443.473691258434,73366.02306813926
3443.5145548615546,73349.54153467547
3443.534986812767,73333.26469669586
3443.5554185635046,73329.2933474468
3443.5758504140176,73330.48779530014
3443.5962823642913,73341.99710528663
3443.616714114338,73325.94552880205
3443.6371459639195,73290.4106980333
3443.657577913269,73333.32052258331
3443.6780097623778,73288.8850930242
3443.6984415110273,73337.91690639159
3443.7188734594383,73299.68088872975
3443.739305307623,73319.56711986168
3443.759737055574,73304.13740087111
3443.780169003061,73351.43461857567
3443.800600850307,73314.02870979617
3443.821032597327,73323.29290801531
3443.841464543875,73331.38169705987
3443.861896390197,73360.55554033937
3443.8823281362857,73329.63901818947
3443.902760082143,73329.58081120111
3443.923191927526,73349.43660476855
3443.9436236726833,73317.72399544668
3443.964055617602,73335.2004252585
3444.0049194062885,73311.7739178268
3444.0253511502815,73316.43504855048
3444.045782994035,73309.74094448709
3444.066214937331,73339.65135910711
3444.0866466803855,73388.78439209497
3444.107078523215,73310.97896783835
3444.1275104658125,73312.37813968323
3444.1479423079363,73368.2316092393
3444.168374049834,74023.9252109939
3444.1888059915,73822.01202326028
3444.2092378326925,73754.05245362197
3444.2296695738914,73701.53048031591
3444.2501015146263,73455.8810619613
3444.2705333548874,73414.70095576391
3444.290965095155,73403.2378271738
3444.3113970349586,73417.71934508502
3444.3318287745205,73395.75840096897
3444.3522606138577,73389.61231086275
3444.37269255273,73410.5322790999
3444.3931242913677,73403.47182288677
3444.413556129766,73398.44392953631
3444.43398806794,73399.1167767628
3444.454419805639,73409.50739956637
3444.4748516431137,73390.0722373189
3444.495283580356,73420.8735510631
3444.5157154173576,73367.36915598699
3444.5361471539,73384.1965879361
3444.556579090211,73360.82826094478
3444.577010926281,73383.89659217602
3444.597442662125,73455.29050894003
3444.617874597505,73424.64435349262
3444.6383064326437,73378.11564979193
3444.658738367558,73405.70531882947
3444.6791701022375,73374.69998689985
3444.699601936445,73432.0838370013
3444.7404656041763,73345.11614073765
3444.7608974376853,73348.85951407337
3444.781329370737,73351.90173077103
3444.801761103554,73365.85636060001
3444.8221929361316,73386.44868637604
3444.8426248684846,73387.80804158923
3444.8630566003703,73354.45536101713
3444.8834884322496,73401.45224481414
3444.903920363671,73376.44456859832
3444.9243520948585,73361.14193348483
3444.9447839255736,73397.19859081991
3444.965215856064,73375.33264998642
3444.9856476863206,73371.73570249173
3445.0060794163364,73330.94143283575
3445.0265113461282,73339.0413003489
3445.0469431754536,73394.113750035
3445.067374904538,73349.08013055791
3445.0878068333986,73311.48621358763
3445.1082386620255,73352.03528652663
3445.1286703904116,73355.46885227211
3445.1491023183407,73362.07570889928
3445.1695340460356,73374.1156434314
3445.189965873491,73345.06876708407
3445.210397800489,73480.65079389958
3445.230829527485,73397.12641606119
3445.2512613540093,73406.18946419425
3445.2716932803087,73406.77120253333
3445.2921250063737,73413.0267295548
3445.3125569319673,73391.9575377318
3445.3329887573345,73409.90462529562
3445.353420582469,73368.70972836821
3445.3738524073633,73389.49023794656
3445.394284232032,73387.66184551154
3445.414716056235,73368.61883998646
3445.435147880431,73385.29388703739
3445.4555797041685,73363.18910548053
3445.4760115274403,73430.04174095803
3445.4964434507056,73474.34533697128
3445.516875173511,73435.54142020519
3445.53730699631,73433.5099519467
3445.557738918651,73404.41052099904
3445.578170640525,73425.4691665622
3445.5986024624,73378.759600773
3445.6190343838025,73378.34157194484
3445.639466105211,73371.60910730743
3445.659897926147,73378.33909256733
3445.6803298466257,73404.69542466552
3445.721193387115,73433.7976198326
3445.7416253068877,73473.8164390236
3445.7620570264335,73430.76627086269
3445.78248884574,73488.77800031337
3445.8029207648215,73446.22396178782
3445.8233525834366,73490.23523644348
3445.8437843018182,73428.52394927417
3445.8642162199612,73540.29886216766
3445.884647937877,73527.15914095499
3445.9050798555545,73509.4691100302
3445.9255116727727,73493.55926787479
3445.966375306736,73455.07256230999
3445.986807123256,73440.33525018465
3446.007238839309,73473.94570023433
3446.0276707553567,73446.0813266065
3446.048102570945,73442.03792844954
3446.0685342863,73465.77811684101
3446.088966201416,73455.90545505889
3446.109398016306,73479.47819064344
3446.1298297309622,73480.93531154498
3446.150261645147,73488.5707675541
3446.1706934591057,73467.97396856664
3446.1911252728314,73471.66950261124
3446.211557086317,73441.2117995466
3446.231988899577,73447.75872731218
3446.2524207126044,73509.29242987023
3446.2728525251587,73510.84189269567
3446.2932843374874,73498.64452955125
3446.3137161495833,73450.63488118176
3446.33414806144,73511.07322496953
3446.3545797730694,73526.73302779293
3446.375011584234,73516.50789206279
3446.395443495392,73532.8845583743
3446.4158752060903,73545.95101710866
3446.4363070165564,73536.00465236763
3446.456738926783,73508.85418949924
3446.477170636783,73542.00981111734
3446.4976025463184,73558.08510484292
3446.518034355846,73500.33847263544
3446.5384660649142,73515.31764881806
3446.5588979737513,73544.05121419416
3446.5793297823475,73528.91047707638
3446.5997614904845,73684.26259882758
3446.620193398623,73599.65388837684
3446.640625206288,73540.6999950736
3446.66105701396,73511.33074877187
3446.701920628133,73544.46874596123
3446.722352334873,73593.7976845132
3446.742784241149,73590.3253550248
3446.763216047417,73668.21948550979
3446.7836477532255,73681.14677348227
3446.804079658803,73697.24850970908
3446.8245114641395,73690.633791306
3446.8449431692497,73703.71508744736
3446.8653750741287,73704.32047779865
3446.8858068787667,73743.89397429647
3446.9062385829457,73715.22130927647
3446.926670487126,73715.87630015973
3446.947102290833,73702.58323486782
3446.9675339943133,73709.38202637827
3446.9879658975624,73737.03221976278
3447.0083977005706,73707.08230389992
3447.0288295031205,73718.65989206458
3447.0492613056704,73726.9877418239
3447.0696931077473,73656.5641129929
3447.0901250095994,73690.87185181052
3447.110556711217,73656.52868553127
3447.1309885125956,73670.11576611476
3447.1514204137493,73667.25275578744
3447.1718522146693,73696.62150809773
3447.1922839151157,73694.60636172576
3447.212715815571,73716.79708314654
3447.2331476155523,73703.61180739597
3447.2535793153074,73700.62316371783
3447.2740112148313,73865.62937858411
3447.2944430141215,74732.59395788223
3447.314874713171,74807.60067458343
3447.335306611996,74239.58414475655
3447.355738410348,73956.97036678149
3447.376170108706,73895.6645756658
3447.3966020066,73898.07827010333
3447.4170338042604,73914.0185021145
3447.43746550168,73786.653366729
3447.4578973988755,73745.73678004695
3447.4783290958367,73737.28760423794
3447.4987609925593,73734.54318625703
3447.5191927888227,73709.86847653822
3447.539624585086,73751.1883248625
3447.560056280876,73686.8686995971
3447.5804881764416,73711.15819925144
3447.6009199717664,73687.85256018954
3447.6213517668657,73684.26933490518
3447.641783561732,73694.07376842918
3447.6826471507593,73685.09764432149
3447.7030789446944,73641.80164503817
3447.7235107386223,73578.55661040661
3447.7439426320925,73564.27438018189
3447.764374325561,73558.28971199089
3447.7848061185578,73537.43384473199
3447.8052380113295,73549.42768205598
3447.825669703867,73502.79022921137
3447.846101496165,74785.98476708178
3447.8665333880053,74983.10557520813
3447.8869650798442,74412.2067029143
3447.9278287625857,73914.65244148287
3447.9482604534933,73861.66102768002
3447.9686922443943,73722.23169241095
3447.9891241348378,73713.83776334043
3448.0095559250476,73607.14560503501
3448.0299876150166,73624.23490982926
3448.0504195047615,73560.661718717
3448.07085129404,73542.97528995216
3448.0912829833105,73532.32732355998
3448.111714872357,73505.96917180724
3448.132146660937,73505.28933073157
3448.152578349509,73480.44851431155
3448.173010237624,73461.98113839634
3448.1934420255056,73442.61578843858
3448.213873913148,73448.38963275512
3448.234305600796,73411.10484873418
3448.254737387979,73372.33756281993
3448.2751691749218,73351.91909392408
3448.2956009614063,73309.9870453868
3448.31603264789,73312.41283090936
3448.3364645341353,73367.41489415569
3448.3568963199214,73364.49509888819
3448.3773280057067,73352.35471278607
3448.418191676341,73425.39635618048
3448.4386234611957,73356.70366502364
3448.4590552458103,73331.79151090242
3448.479487030432,73342.8454742954
3448.4999188145885,73330.84604990318
3448.5203505985046,73311.40549316158
3448.540782382195,73279.77166316411
3448.56121416542,73298.01781536246
3448.5816460486385,73280.9670963617
3448.60207773163,73305.3419371369
3448.622509514389,73274.62805505094
3448.642941396676,73273.13886688795
3448.663373078969,73239.7203712327
3448.683804860797,73246.17514305733
3448.7042367426184,73264.1155934231
3448.72466842398,73197.38679153676
3448.74510030511,73189.87427962908
3448.7655320862323,73159.67272423774
3448.7859637668953,73129.01845218347
3448.8063956473197,73156.01591891488
3448.826827427518,73092.96690583427
3448.847259207483,73036.68158796892
3448.8676909872156,73102.76110182462
3448.9085545459748,73130.09819399484
3448.9289863247686,73085.71296218279
3448.9494181035698,73040.64415569673
3448.969849882138,73036.35487491981
3448.9902816604736,73016.96205847178
3449.010713438336,72967.99830845054
3449.031145216206,72949.52209908518
3449.051576993603,72927.32996391824
3449.072008771007,72954.80632772847
3449.0924405479454,72943.94664682902
3449.112872324651,72847.37026910129
3449.1333041013495,72843.07367165852
3449.1537357775887,72854.18018717342
3449.1741676535894,72794.8176917527
3449.1945994293637,72781.55722852988
3449.2150311051373,72780.48739032572
3449.2354629804468,72718.92350143073
3449.2558947555153,72656.00404641907
3449.276326630359,72660.42828802006
3449.2967583049613,72643.80255188982
3449.3171900793386,72634.43484218289
3449.337621953484,72628.27806748815
3449.358053627395,72576.23660916487
3449.3784854008336,72543.20004543512
3449.3989172742804,72506.81219076012
3449.4193490474863,72462.7391668887
3449.439780720466,72409.76851935337
3449.4602125932142,72434.03428641961
3449.480644365489,72361.98166939894
3449.50107603777,72361.35782464489
3449.52150790982,72365.46300043626
3449.541939681396,72354.31709226355
3449.5623713529785,72340.45820327512
3449.58280322433,72326.68723399419
3449.6032349952075,72328.83937717022
3449.6236666660916,72276.25762852556
3449.6440985365116,72244.99762087363
3449.6645303069236,72275.80016894598
3449.684962076877,72516.39269485738
3449.7053938468307,72222.35374572592
3449.7258256163113,72199.19438595953
3449.7462573857993,72220.45612190895
3449.7666891548215,72145.20380603266
3449.7871209238365,72140.18543361448
3449.807552792394,72152.91732258035
3449.8279844609497,72076.96747039269
3449.8484162290333,72097.78573220148
3449.8892797647495,72082.13891920367
3449.9097115321347,72037.67002458125
3449.930143399295,72047.77425361541
3449.950575066454,72048.7314078805
3449.9710068331406,72026.6038841023
3449.9914386996024,72015.20655912021
3450.011870366063,71988.60621298473
3450.032302132051,71986.85383791324
3450.0527339978144,71927.97756620057
3450.073165663576,71939.33499318872
3450.093597428866,71916.52906896453
3450.1140292941636,71823.60938351987
3450.134460958994,71831.90798958266
3450.1548927235854,71819.02423684664
3450.1753245881846,71800.42207493387
3450.1957562523166,71772.0559989203
3450.2161880162093,71740.13504958781
3450.23661988011,71724.45762615436
3450.257051643537,71689.27480860068
3450.2774833069707,71686.15929751376
3450.29791516994,71680.66985835905
3450.318346932676,71666.05774137421
3450.3387786954045,71666.78007131009
3450.3796422199375,71675.4483453963
3450.400074081743,71660.96100065764
3450.4205057435465,71565.09686291734
3450.4409375048854,71555.92283670732
3450.4613693662177,71511.46840790012
3450.48180102709,71536.33172858472
3450.502232787956,71493.03634773448
3450.5226646483643,71427.32067004374
3450.543096308771,71452.62075836657
3450.563528068713,71425.1592306673
3450.5839599286483,71393.62970334708
3450.6043915883565,71395.10989376558
3450.6248233475926,71364.6781852852
3450.645255106836,71337.71700031804
3450.6656868658465,71273.70485411314
3450.686118624624,71299.63262408055
3450.7065504829297,71226.40043297497
3450.726982141241,71186.69149948236
3450.747413899313,71218.99929162927
3450.76784575716,71188.64136308253
3450.788277414773,71125.37546401257
3450.808709272147,71104.9538783848
3450.829141029295,71071.10436181402
3450.8495726862093,71054.40172803905
3450.870004542885,71045.16449822215
3450.8904362993344,70949.20588071186
3450.91086795555,70966.1477170374
3450.9312998115274,70957.95581960739
3450.951731567511,70901.51328840297
3450.9721632230285,70869.07748056928
3450.992595078307,70854.85089280823
3451.0130268335924,70823.3099025332
3451.0334584884113,70771.24101921589
3451.0538903429915,70741.03529154742
3451.0743220975783,70731.08008157158
3451.0947538516994,70706.88694641723
3451.115185605813,70679.26119175792
3451.1356173597014,70688.95595861338
3451.156049113124,70698.6110129787
3451.1764808665394,70693.03552203534
3451.196912619729,70634.26247236256
3451.217344372686,70593.24567903308
3451.237776225171,70573.23206895984
3451.2582078776613,70514.73830455117
3451.27863962992,70485.49595095773
3451.299071481939,70481.77544108988
3451.3195031339637,70407.28551511969
3451.3399349855245,70407.8927514374
3451.3603667368443,70376.2273277217
3451.380798387938,70346.10132656181
3451.4012302388,70303.02375819282
3451.4216619896542,70267.42838466562
3451.4420936400493,70227.24754705702
3451.462525490446,70200.96995835484
3451.482957140368,70251.70823834055
3451.503388890298,70220.37968112838
3451.523820739996,70183.68840303844
3451.5442523894526,70094.85541138257
3451.5646841384514,70105.55086211147
3451.6055477362097,70044.012873433
3451.625979384742,70030.4328407286
3451.646411233276,69997.1834977305
3451.6668429813362,69961.68447162252
3451.68727462917,69915.55988485232
3451.7077064767727,69909.4378862652
3451.7281382243673,69817.49577325482
3451.7485698715027,69788.89354933286
3451.7690017186396,69856.23681814848
3451.7894334655357,69754.47578366451
3451.809865311974,69691.28871973272
3451.8507287046086,69652.5248803622
3451.8711605505814,69599.75903164184
3451.89159219632,69596.03378599526
3451.912023941819,69510.28098991023
3451.932455787326,69545.01148002072
3451.952887432366,69518.80762152413
3451.9733191771666,69455.43856925402
3451.993751021975,69399.12844376634
3452.0141826663166,69382.97110526446
3452.0346144106516,69367.89229198819
3452.0550462547617,69353.19952007594
3452.075477998631,69329.79084074323
3452.1163414856856,69222.95640280374
3452.1367732288563,69152.39527224418
3452.157204871801,69128.4168378519
3452.177636714514,69136.48061945141
3452.198068457219,69070.90424204184
3452.218500099465,69023.62114478632
3452.2389319417125,69021.68517965975
3452.259363683719,68987.82037170637
3452.2797954252674,68958.68748416983
3452.3002271668156,68943.36742877595
3452.341090649439,68873.82954942167
3452.361522390289,68845.61380072801
3452.381954030905,68836.85818454696
3452.4023858715154,68764.59302872923
3452.4228176116667,68687.61484676217
3452.4432493518107,68672.75949546392
3452.463681091729,68647.55194711302
3452.4841128314147,68552.58994512027
3452.5045445706273,68587.76357430391
3452.52497631008,68567.58703136156
3452.545408049067,68539.2012848477
3452.565839787814,68489.62755324032
3452.586271626569,68455.93450464451
3452.606703264857,68393.04611086607
3452.6271350031384,68360.75882919593
3452.647566841195,68318.79591537043
3452.667998479017,68323.08694074962
3452.6884302166,68264.44094533961
3452.708862053958,68240.56540857878
3452.7292936910817,68193.08224002318
3452.749725527967,68181.16855816517
3452.7701572648584,68134.57136841296
3452.7905889015165,68092.84465446019
3452.811020737703,68080.75449170938
3452.831452473896,68021.016863428
3452.8518841098557,67994.2115539962
3452.8723159458095,68000.14488531661
3452.892747681304,67945.16558306881
3452.913179416566,67954.84076658783
3452.9336111518205,67895.12598231764
3452.9540428866167,67887.25415350351
3452.974474621413,67880.37138204837
3452.994906355969,67824.11718214382
3453.0153380902993,67790.75324739379
3453.03576982463,67744.0999183618
3453.0562015584874,67711.92117530695
3453.0766332921194,67708.41081706209
3453.0970650257514,67733.21675292344
3453.1174967591433,67642.98859133534
3453.1379284923096,67661.6473464195
3453.1583603252366,67637.43290035777
3453.1787919579365,67569.14130912285
3453.1992236904043,67537.46674488256
3453.219655522873,67567.0394741601
3453.240087154867,67527.99304382881
3453.2605188868692,67516.04457635181
3453.280950718632,67480.90889941284
3453.3218140814715,67435.93621648858
3453.342245912776,67443.15175645439
3453.362677543606,67378.83902851248
3453.383109274444,67376.30657415689
3453.4035411050427,67325.56731267489
3453.423972835415,67345.34765740512
3453.444404465554,67296.46571191384
3453.4648362954613,67289.42105386408
3453.4852680253607,67266.25620293526
3453.505699654801,67269.62961491216
3453.5261314842355,67213.88076754536
3453.5465632134437,67170.81544007437
3453.5669948424184,67197.1027889032
3453.5874266711617,67172.43812164529
3453.607858399664,67109.55923207405
3453.6282902281746,67110.36610003412
3453.6487218564434,67096.28461747004
3453.6691535844875,67083.62231981993
3453.6895854122995,67071.43659442387
3453.710017039877,67078.63973902831
3453.7304487672154,67088.93518864366
3453.7508805945617,67240.63511583403
3453.7713122216664,67035.00542890334
3453.8121756751934,67040.3881087779
3453.8326074016077,66981.38620599514
3453.853039127782,66955.85436577597
3453.873470853963,66996.66890189236
3453.8939025796717,66983.14607919038
3453.9143343053875,66948.1813361584
3453.934766131104,67098.52111593373
3453.9551977563533,67039.70062049713
3453.9756294813633,66943.40400708579
3453.9960613063813,66950.55955754987
3454.0164929311577,66878.38874492179
3454.0369246557093,66826.0638007788
3454.057356480029,66867.21908724876
3454.077788104114,66808.40894315916
3454.0982199281934,66786.40486161567
3454.1186516520465,66789.75138131919
3454.139083275659,66788.00158230698
3454.159515099047,66779.71086026292
3454.1799468222016,66754.34356536176
3454.200378445348,66761.69864784296
3454.220810268038,66851.65402812962
3454.241241990727,66786.9793934597
3454.2616737131757,66864.19883281564
3454.282105435399,66749.03732443224
3454.3025371576223,66781.26697584326
3454.3229688796055,66709.62272867818
3454.3434006011303,66677.35843964411
3454.363832322655,66671.55248539352
3454.3842640441726,66659.21304211284
3454.4046958652325,66701.91087045224
3454.425127486291,66671.0809091558
3454.44555920711,66807.61707558925
3454.465991027704,66650.73509246825
3454.486422648064,66660.80718179757
3454.5068543681846,66649.04536005204
3454.5477178082074,66593.26883038049
3454.568149627863,66604.98145644723
3454.5885813472923,66560.6349121962
3454.609012966721,66869.62929373233
3454.629444785678,66521.38011540394
3454.649876404641,66500.2918295028
3454.670308123372,66525.15908754228
3454.690739942096,66527.2168585383
3454.7111715603605,66552.06973801117
3454.7316032786257,66512.07418328588
3454.7520350966515,66500.3667013942
3454.772466814451,66517.16844841736
3454.79289843225,66505.99812508032
3454.813330249577,66523.18690700183
3454.833761966911,66453.86210911497
3454.854193584011,66461.14435980635
3454.874625400873,66446.75304780924
3454.895057117741,66473.04882958061
3454.9154887343757,66424.15329355108
3454.935920550539,66471.65952052001
3454.9563522669414,66462.27560515169
3454.9767840828717,66483.63782556723
3454.997215698808,66466.35665716845
3455.017647414279,66405.71078124874
3455.0380792297437,66369.70085604064
3455.058510845214,66361.26174926588
3455.0789425602197,66363.76647780552
3455.0993743752188,66402.3654417293
3455.1198059899907,66432.47077557204
3455.1402377045306,66419.65237018056
3455.160669519064,66416.05549272064
3455.1811011331374,66434.58829261389
3455.2015328472116,66417.43944833062
3455.2219646610465,66497.02554459411
3455.242396374888,66453.11618473256
3455.283259801632,66389.52278642531
3455.303691514775,66378.7968188094
3455.324123127917,66423.14030337002
3455.344554940588,66404.20327725506
3455.364986653265,66497.34649127118
3455.3854182657087,66476.37889048677
3455.4058500781466,66418.99908045193
3455.4262817901254,66417.039344134
3455.446713502104,66441.97151294908
3455.4671452138427,66402.00366585204
3455.487576825588,66436.42442915343
3455.508008636869,66419.95254255312
3455.528440348142,66431.07550866106
3455.5488719591885,66421.01594469916
3455.569303770004,66437.831461894
3455.589735480811,66428.53437076538
3455.610167191393,66426.05595328816
3455.630598901742,66455.25053282392
3455.6510306118507,66471.35598101107
3455.671462321967,66433.14001866875
3455.69189403185,66430.21944054916
3455.7123257414933,66454.01866014242
3455.732757450911,66472.41652800488
3455.773620869506,66499.77251226302
3455.794052578458,66528.38264419824
3455.814484387178,66494.53778413864
3455.834915995889,66467.1343714405
3455.855347804376,66506.21785877807
3455.8757795126294,66591.3520229181
3455.896211120642,66517.41561199343
3455.9166429286634,66538.58523850491
3455.937074636451,66534.56497188387
3455.957506243998,66552.7549286584
3455.977938051554,66581.1292865398
3455.998369758876,66568.02857273242
3456.018801365957,66613.6087030204
3456.0392331728144,66570.41926100486
3456.059664879671,66592.18177888633
3456.0800965862873,66649.59436284078
3456.100528292678,66652.94050791867
3456.120959999069,66602.82911525526
3456.1413917049867,66645.65688368288
3456.161823410912,66617.0807358254
3456.182255116837,66624.1613905767
3456.2026867222885,66649.9017240897
3456.2231185277487,66701.99474190544
3456.2435502329754,66686.6157802739
3456.263981938195,66705.61586837235
3456.2844136431886,66753.12676511786
3456.3048453479496,66762.55653778359
3456.3252771524712,66757.6233975461
3456.3457087569986,66797.77440947766
3456.366140461061,66773.37548024108
3456.38657226535,66776.69654380473
3456.407003869179,66804.34011055694
3456.4274355730086,66800.2662100996
3456.447867376599,66842.73141254002
3456.468298979962,66873.37222494256
3456.488730683326,66817.65093014028
3456.509162486451,66853.95829297343
3456.5295940893484,66857.08289549545
3456.5500257922467,66916.43463046674
3456.570457594673,66894.72726314074
3456.5908892973384,66935.78917900429
3456.6113208995375,66904.42433650664
3456.631752701731,66967.03925431537
3456.652184403698,66954.37444339365
3456.672616005424,67015.2098525411
3456.693047807159,66940.80037530638
3456.7134795086604,66981.3231054803
3456.75434291119,67002.38277002815
3456.774774611993,66974.92525351679
3456.7952064130222,67022.34423391873
3456.8156380135915,67033.55289764439
3456.8360697141616,67042.36259380658
3456.8565015144923,67069.28955261958
3456.876933114596,67083.8732434986
3456.8973648147003,67068.54795919095
3456.9177966145653,67101.90550319727
3456.938228214436,67110.21379479473
3456.958659913842,67122.92112677853
3456.9790916132406,67147.73924216199
3456.9995233126465,67113.917199874
3457.0199550115867,67131.41870633114
3457.0403867105197,67197.14101659188
3457.060818409227,67179.39767012495
3457.0812501079345,67199.26270790769
3457.1016818064018,67190.97744786777
3457.1221135046435,67256.68775095302
3457.142545302886,67295.37813651627
3457.1629770008876,67313.39324295212
3457.183408598663,67295.63129001926
3457.203840396207,67307.03040435274
3457.224272093743,67375.61567356093
3457.2447036912854,67408.29673260174
3457.2651354883637,67467.0297093643
3457.285567185434,67383.84111157412
3457.305998782278,67374.7149028393
3457.3264305791236,67429.50939719887
3457.346862275728,67433.42682882305
3457.3672938721065,67447.86235038703
3457.3877256682536,67438.47518038742
3457.4081573643925,67516.15809033765
3457.428589060539,67519.8885571303
3457.4490207562194,67523.30106147596
3457.4694524518927,67509.45432916397
3457.4898841473405,67549.2331191134
3457.5103158427883,67579.7934845412
3457.530747537996,67608.05537539115
3457.551179332979,67609.33900535753
3457.571611027961,67645.7585459482
3457.592042622702,67632.93462124025
3457.6124744172193,67696.76688464131
3457.6329061114957,67674.52660426324
3457.6533377060114,67725.556090212
3457.673769500063,67759.95263494279
3457.6942011941137,67752.27016038555
3457.7350645815095,67789.99416768012
3457.7554962750874,67829.40426676451
3457.775927868439,67847.56858623256
3457.796359661559,67839.96007297645
3457.816791254678,67846.97214091927
3457.837222947557,67883.92711594934
3457.8576547404446,67892.11741172249
3457.8780863330976,67924.64957293282
3457.8985180255113,67944.92624072917
3457.918949817933,67978.00699162406
3457.9393814101204,67967.71986925401
3457.959813202069,68011.64436060195
3457.9802448940245,68014.49910958896
3458.0006765857397,68039.1119344519
3458.0211082772294,68067.697630631
3458.041539968719,68107.28044763913
3458.061971659976,68113.94704296837
3458.0824033512254,68115.71885122848
3458.1028350422494,68108.47626321996
3458.1232667330332,68154.98582965141
3458.143698523825,68154.94914226318
3458.1641301143827,68234.43759917503
3458.184561804708,68225.08617490837
3458.204993595027,68241.02503544709
3458.225425185119,68259.71744411088
3458.2458568749717,68283.63258311246
3458.2662886648322,68308.58292418011
3458.2867202546913,68337.61479993927
3458.3071519440855,68411.21652381378
3458.327583733473,68388.9902034773
3458.3480153228666,68392.74826515364
3458.3684471120214,68401.08178116818
3458.38887880095,68406.03167702907
3458.4093104896456,68438.03152301977
3458.429742178334,68476.77174863353
3458.4501738670297,68505.72274432768
3458.4706055552597,68526.66269003753
3458.4910372434824,68524.14362487807
3458.5114689317124,68567.30714045487
3458.5319006197096,68571.41299065518
3458.5523323074667,68618.69535247204
3458.572763995231,68614.08669286742
3458.5931956827626,68665.41502354397
3458.613627370054,68660.65849654612
3458.6340590573527,68716.10687901056
3458.654490644418,68721.85156512912
3458.674922431477,68725.7790226945
3458.69535411831,68755.20971195865
3458.715785904911,68811.40272093064
3458.7362174915033,68831.51743321358
3458.7566491778707,68813.99900094738
3458.777080964239,68839.89536122554
3458.7975125503654,68891.89097115031
3458.817944236267,68917.17891067041
3458.8383760221695,68921.24983302636
3458.858807608063,68956.99204115421
3458.8792392934993,68975.11390183923
3458.899671078936,69025.67291522947
3458.920102664364,69019.37453140573
3458.9405343495673,69053.32859045322
3458.9609661345385,69071.20850023364
3458.9813978192688,69137.54214007375
3459.0018294042384,69150.13365578477
3459.022261188744,69124.9552714399
3459.0426928732413,69171.29497754271
3459.0631244575125,69240.58832071013
3459.083556241778,69239.55167189562
3459.103987925817,69257.82386784613
3459.1244197098567,69318.7732419012
3459.144851293662,69343.56567662836
3459.1652829772283,69359.4063337597
3459.1857147608025,69406.77051398931
3459.206146344135,69439.57526237375
3459.2265780274756,69453.38400488306
3459.2470097105834,69499.44605460732
3459.267441393691,69504.08250196134
3459.287873076326,69547.38362490767
3459.3083048592016,69558.3814770167
3459.3287364418356,69548.5589453664
3459.349168124245,69583.30449698653
3459.3695998064213,69622.08715875086
3459.3900314888306,69623.1750657815
3459.410463170767,69667.95121966385
3459.4308948527105,69705.84854434012
3459.451326534414,69712.27899329853
3459.4717582161247,69774.93816462561
3459.4921899976034,69722.44318212563
3459.5126215790806,69778.79185311335
3459.533053360319,69793.43398776409
3459.5534850415643,69782.57271884575
3459.5739166225685,69858.59399623994
3459.5943484033487,69906.1886847389
3459.614780084128,69936.3790153132
3459.635211664674,69988.21916022706
3459.655643445214,69985.73564036595
3459.6965067058336,70051.5865781556
3459.7169384859153,70053.45023725613
3459.7373701657634,70114.77019497711
3459.757801745611,70102.63519564344
3459.7782335254524,70165.85791176218
3459.7986652049512,70187.41945766329
3459.819096884443,70219.89980970374
3459.839528563709,70235.60108820756
3459.859960242975,70227.62927279914
3459.8803920220016,70279.00499066839
3459.9008237009184,70304.96040694418
3459.921255279718,70302.25440031278
3459.9416870583955,70348.018534023
3459.962118736963,70412.82362380056
3459.9825503154134,70463.37702131309
3460.0029820937416,70485.95199406431
3460.0234137718435,70493.61177399731
3460.0438453499446,70526.61869628153
3460.0642771279236,70647.27073762756
3460.0847087056754,70571.39789317692
3460.1051403833117,70623.84508078694
3460.1255721609414,70650.12988823807
3460.146003738344,70696.18790490145
3460.166435415631,70683.62760658731
3460.186867192795,70712.59250950906
3460.2072987698484,70753.9300988913
3460.227730546787,70761.01183841637
3460.248162223601,70771.78647479691
3460.268593800305,70870.45162632129
3460.289025576778,70855.35325774639
3460.3094572532427,70919.79461038648
3460.350320605721,70922.29860957064
3460.3707522818368,70969.8156380056
3460.3911839577268,70992.29243153402
3460.4116156336167,71004.48034021212
3460.4320473092666,71089.44957282553
3460.452478984924,71092.2282107602
3460.472910760349,71152.7540284807
3460.493342335649,71134.75467999281
3460.5137740108403,71155.40372709034
3460.534205785909,71198.275967721
3460.554637360983,71253.31783233308
3460.5750690358254,71262.53812682483
3460.595500810552,71277.62094955845
3460.6159323851534,71240.50338581947
3460.636364159647,71339.20932461829
3460.6567958340165,71354.74667671238
3460.677227408276,71395.14279313253
3460.6976591824205,71373.43598601416
3460.718090856448,71425.41370681384
3460.7385225303515,71431.95951994373
3460.758954204146,71447.87091086601
3460.7793858777004,71508.88676320441
3460.799817551262,71506.79978249711
3460.8202492247074,71519.63113842416
3460.840680898036,71574.30366476838
3460.8611125712414,71617.9841686075
3460.8815442443374,71632.10196932021
3460.9019759173098,71618.27071905411
3460.922407490172,71670.00974397085
3460.9428392628033,71694.81689392842
3460.9632709354337,71678.30262063367
3460.983702707941,71720.47345072994
3461.004134280338,71811.14731491279
3461.0245659526117,71814.02208817114
3461.044997724777,71851.76133953787
3461.0654292968247,71841.34805582103
3461.0858609687566,71862.77623852088
3461.106292740449,71888.86759112925
3461.1267243121474,71910.25826828174
3461.1471559837228,71917.11789652974
3461.1675877551897,71986.85528992038
3461.188019326539,71993.34593122607
3461.208450997765,72044.71554211028
3461.2288827688826,72076.5815265345
3461.249314339999,72078.57651318335
3461.2697460108757,72114.51702748916
3461.290177781644,72136.15614124926
3461.3106094522955,72163.0889599397
3461.331041122823,72191.11971002966
3461.351472793358,72228.76719612227
3461.37190446366,72239.92150570966
3461.3923361338384,72243.57547782427
3461.412767804024,72322.14314935461
3461.433199473977,72325.34327563418
3461.4536312438067,72355.08726251539
3461.4740628136424,72387.44785148388
3461.4944944833624,72364.6765016396
3461.514926252843,72409.69429657458
3461.5353578223294,72447.3119470722
3461.5557894917,72434.04880683031
3461.5762212608315,72505.72530499096
3461.5966528299687,72535.51627394593
3461.61708449899,72548.47841485126
3461.6783796053496,72545.1782273872
3461.698811174014,72599.24853162789
3461.7192428424532,72593.20846852445
3461.7396746107697,72640.08004674222
3461.760106179092,72665.92326940142
3461.7805378472985,72677.62467680634
3461.800969615273,72687.31213942808
3461.8214012832395,72714.36195684838
3461.8418328509797,72728.45156678992
3461.862264618714,72726.86088802766
3461.8826962863386,72790.9391772255
3461.903127853846,72792.17927659764
3461.9235596212384,72805.93341286479
3461.943991288623,72816.01858622776
3461.964422855781,72864.27907602403
3461.984854622817,72881.87042795548
3462.005286289859,72913.02585689102
3462.0257180566696,72894.66990042638
3462.0461496234784,72981.70892505448
3462.0665812901643,72981.6222784542
3462.087013056742,72977.35604479973
3462.107444623194,72990.62307516452
3462.127876289538,72999.19117236407
3462.1483080557664,73018.64943993212
3462.168739621993,73035.57414659785
3462.1891712879806,73026.6190273402
3462.209603053976,73054.43101079068
3462.2300346198463,73057.50229865029
3462.2504662854917,73048.27357986268
3462.270898051138,73107.60859865052
3462.2913297166597,73081.94845306069
3462.311761282188,73116.87167132473
3462.332193047485,73247.72235696403
3462.3526247126574,73111.12182047097
3462.3934880429006,73171.99567521494
3462.4139196078468,73190.78988595441
3462.434351372671,73227.55555914945
3462.454783037385,73225.17773655757
3462.4752147019753,73240.6617809927
3462.495646366573,73261.1288199714
3462.516078030938,73312.28919638523
3462.536509595302,73325.78991195966
3462.556941359544,73300.44388659149
3462.577373023676,73269.01661936558
3462.5978045876836,73272.58251573434
3462.6182363515836,73297.0509881261
3462.638668015483,73335.71241200375
3462.6590996792584,73322.15950613852
3462.6795313428083,73310.3329605199
3462.6999630063583,73305.9624358464
3462.7203947699018,73334.4342973115
3462.740826333218,73383.01363098389
3462.761257996419,73397.04241837341
3462.781689759613,73527.86824303362
3462.8021214226974,73502.46808272571
3462.8225529856645,73569.4603601461
3462.8429847485095,73621.54877003281
3462.8634164112445,73563.99623410124
3462.883847973979,73552.5316228892
3462.904279736591,73566.71622008833
3462.924711399093,73580.8521909734
3462.9451429614783,73572.26123084006
3462.965574723741,73561.47967235858
3462.9860063860106,73602.73108945903
3463.0064379480464,73567.55326335783
3463.0268697100764,73585.41492406254
3463.0473013719966,73581.61499994052
3463.067733133794,73609.30836859258
3463.088164695597,73617.37826675813
3463.1290280187386,73677.76551605316
3463.149459680186,73638.7440382609
3463.1698913416403,73657.13779736761
3463.190323002862,73629.28701822119
3463.2107546640764,73644.1414134586
3463.2311863251816,73674.60920217591
3463.2516179861705,73641.2217044235
3463.2720496470356,73666.66450383264
3463.292481307908,73660.97745787515
3463.3129129685476,73654.45957825321
3463.3333446292963,73691.23859119049
3463.374208050227,73722.75154462061
3463.3946396106257,73752.87465723784
3463.415071370917,73751.14516418081
3463.4355030310835,73749.40280217558
3463.4559345911402,73775.34494625438
3463.4763663511985,73731.77111594507
3463.4967980111396,73762.47785149602
3463.5172295709563,73766.72451513118
3463.5376613306653,73760.51726933321
3463.5580929903663,73775.13144596225
3463.578524549841,73704.75166717783
3463.639819628028,73766.81961445785
3463.6602512872705,73828.4209757376
3463.6806829463894,73787.52805996407
3463.7011147054,73783.56706929587
3463.721546264409,73855.53223472237
3463.741977923295,73814.9032073761
3463.7624096820728,73824.7259667333
3463.7828413407333,73833.38595245946
3463.803272899386,73858.77567823253
3463.8237046579306,73837.67009957433
3463.8441363163583,73831.22898305336
3463.8645678746616,73807.44561328921
3463.8849996329736,73831.43032996226
3463.9054312911685,73834.81840065907
3463.925862849239,73823.04866406186
3463.946294607318,73845.08446851188
3463.966726165163,73821.25993227494
3463.9871578231177,73799.31135981774
3464.0075895808477,73773.74401063506
3464.028021138576,73823.01873452123
3464.048452896066,73805.21190653426
3464.068884553679,73820.23797193452
3464.1097478684314,73823.55307662205
3464.130179525695,73835.23658530222
3464.1506110829578,73826.24810710727
3464.171042839982,73809.43463739654
3464.1914744970127,73790.67048330972
3464.211906153927,73762.37186113268
3464.232337810834,73757.76480922545
3464.252769467632,73783.20906175283
3464.2732011243133,73770.38268641697
3464.2936328809883,73786.34128403835
3464.3140644375526,73753.087335929
3464.354927850327,73802.55430440101
3464.3753594066584,73786.11155263014
3464.3957911628677,73749.75783171921
3464.4162228190835,73780.01049357081
3464.4366543750657,73773.91323029574
3464.4570861310494,73766.0049381448
3464.477517787025,73758.13527731557
3464.497949342891,73746.53752430991
3464.5183810986346,73761.27348058313
3464.5388127542683,73740.23405945698
3464.5592443099013,73787.0502627146
3464.600107720813,73747.03779298718
3464.620539376214,73758.83835659595
3464.640971031491,73743.89664106994
3464.6614026867755,73748.34909708038
3464.681834441828,73757.85021411764
3464.7022659969953,73789.33697054823
3464.722697651923,73741.49462615169
3464.7431293068585,73745.32795118466
3464.76356096167,73820.07496169678
3464.783992616489,73774.03964853703
3464.8044243710756,73760.94040271053
3464.8248559257772,73761.69831205902
3464.8452875802395,73714.92945223009
3464.86571933471,73765.58003996861
3464.8861508891714,73751.27342800221
3464.906582543408,73715.01683046257
3464.9270142976457,73797.81491061673
3464.9474458518816,73818.3009341284
3464.9678776059955,73772.51730008007
3464.9883092599994,73736.4642031409
3465.0087408139952,73700.77008986617
3465.029172567767,73725.70628049503
3465.0496042216546,73683.24576343737
3465.090467529073,73683.75370910986
3465.1108991826113,73730.90935742827
3465.1313308361423,73679.2752248384
3465.151762489564,73674.92299168397
3465.172194142986,73669.58127772748
3465.192625796284,73674.2244841746
3465.213057449473,73666.03617038122
3465.233489102662,73640.36841163685
3465.2539207557274,73635.18539951951
3465.274352508801,73595.22212970407
3465.294784061756,73588.06690349577
3465.335647467429,73580.89363015092
3465.356079020268,73622.66340234315
3465.3765107728686,73630.13470360645
3465.3969424254756,73617.2978445404
3465.4173739780817,73607.46731636593
3465.4378057305657,73601.0597764052
3465.458237282939,73586.10240054737
3465.478668935313,73563.34039597363
3465.4991006875644,73538.63685751554
3465.5195322398213,73582.4152715507
3465.5399638919625,73550.43895660508
3465.580827196005,73587.9241180085
3465.601258947914,73554.60686150064
3465.6216905998153,73542.41476121037
3465.6421222516074,73547.34978033928
3465.6625539033994,73541.5109884856
3465.6829855550677,73600.38066627973
3465.703417206627,73521.3711356118
3465.723848858186,73547.19022630267
3465.744280509738,73518.73247139057
3465.764712161181,73494.04174468282
3465.785143812507,73498.56074056626
3465.826007115036,73516.01353481703
3465.846438866123,73507.99919870555
3465.866870417216,73499.85874383588
3465.8873021683103,73468.56890688081
3465.9077338192874,73474.7377994725
3465.92816537014,73470.9860683468
3465.9485971210015,73462.42163650198
3465.969028771855,73401.60959424754
3465.9894603225985,73461.80276867273
3466.009892073227,73433.6190702029
3466.0303237238477,73455.68508480406
3466.0711870248706,73454.56343754038
3466.0916186752584,73436.3154265153
3466.112050325537,73482.70712390605
3466.132481975932,73466.0247255575
3466.152913626087,73451.21485317632
3466.173345276249,73431.63887254361
3466.1937769264114,73405.62423217663
3466.21420857645,73446.78167568457
3466.2346402264957,73443.72396262987
3466.255071876425,73402.12301200602
3466.2755035262308,73469.14410641375
3466.3163668258567,73429.50048065236
3466.336798475546,73399.43812706316
3466.3572302252433,73452.31191962848
3466.3776617748226,73449.99486815806
3466.398093424279,73441.90384658898
3466.4185251737435,73411.67397068486
3466.4389567232065,73428.83161281518
3466.4593884725473,73431.76862143177
3466.4798201218946,73443.69701365703
3466.5002516711247,73413.3720529563
3466.5206834202327,73436.94805208013
3466.5411150694636,73420.07468970798
3466.561546618461,73451.12403992281
3466.5819783674524,73473.76599532226
3466.6024100164504,73422.90600919581
3466.6228415654477,73423.72132465059
3466.6432733142065,73419.76792418656
3466.663704963088,73412.64220194392
3466.684136611737,73408.82224413517
3466.704568260495,73412.27351530691
3466.7249999091437,73376.49337514669
3466.745431657677,73402.15143222577
3466.765863206201,73391.1831106386
3466.8067266030266,73409.23434087499
3466.8271582514426,73406.60215882772
3466.8475897997414,73391.84246087783
3466.8680215480417,73377.09153103775
3466.8884531962176,73394.17330080262
3466.9088847444,73405.82488744194
3466.92931649246,73351.6185904769
3466.949748140527,73465.60544831425
3466.970179688593,73432.45326719113
3466.990611436544,73399.7613518106
3467.01104298437,73443.94304754103
3467.051906380031,73454.17191356057
3467.0723379278643,73440.53710075282
3467.092769675466,73384.90760334003
3467.1132013231836,73415.24534399383
3467.1336328707766,73441.48265817367
3467.154064618262,73412.37444916839
3467.1744962657394,73377.94923836281
3467.194927913224,73341.92800425449
3467.2153595605923,73448.01443563454
3467.2357912079606,73358.30033004959
3467.2562228553215,73397.00615254292
3467.2970861497015,73379.4868656923
3467.3175178968377,73382.95589598281
3467.337949543973,73364.95695591856
3467.3583810911077,73367.41797347927
3467.37881283812,73357.20447485903
3467.399244485023,73371.97683405376
3467.4196760319173,73361.6229106973
3467.4401077788207,73372.98635575674
3467.4605394257233,73409.20109906372
3467.4809709725087,73396.51054820955
3467.501402719172,73397.03987682777
3467.562697659174,73392.08677663117
3467.583129305727,73416.10597573724
3467.6035610521576,73400.35243500679
3467.62399259871,73379.43637388185
3467.644424245147,73401.9505570306
3467.6648558914603,73408.43760154133
3467.685287537781,73422.96193225056
3467.7057191841013,73441.86496671781
3467.726150930299,73421.14428725613
3467.746582476502,73376.50326474755
3467.7874457687867,73460.65164874034
3467.8078774148744,73424.61118033642
3467.828309060962,73411.04315307138
3467.848740806927,73387.87659422118
3467.8691723528973,73373.3779279919
3467.889604098753,73400.24451708439
3467.9100357446005,73436.54809301712
3467.9304672904545,73398.2644290194
3467.9508990361937,73407.80590975146
3467.971330681925,73518.45228145206
3467.9917622276625,73553.51043916371
3468.0326256189,73534.33239349551
3468.0530571645213,73535.55217590948
3468.0734889100277,73537.23261409054
3468.093920555526,73514.14598570422
3468.114352101031,73513.05520915157
3468.1347838464208,73481.03196701883
3468.1552154918027,73500.39891788985
3468.1756472371926,73488.74731801404
3468.1960787824646,73543.71402048583
3468.21651042773,73584.65741755876
3468.2369421730036,73481.40314117905
3468.2778053633083,73506.20684761037
3468.2982371084654,73456.25764296224
3468.3186687535053,73468.4462958009
3468.3391002985372,73426.173260268
3468.359532043578,73470.9492443717
3468.379963688494,73476.86726434046
3468.4003952335333,73529.25963314716
3468.420826978341,73530.92225001456
3468.4412586232575,73531.62039401286
3468.4616902680646,73524.48189745804
3468.4821219128717,73556.84729889958
3468.522985202362,73569.41175831322
3468.543416847053,73481.78494094191
3468.563848391743,73520.25993478716
3468.5842801363106,73521.68317693814
3468.604711780885,73483.32772673911
3468.625143325451,73507.80380946101
3468.6455750699097,73498.4872483715
3468.666006714484,73514.44815343004
3468.686438458819,73530.59786226257
3468.706870003276,73524.07513271597
3468.7273016476174,73542.51366681911
3468.768164936293,73554.48463174974
3468.7885965806345,73585.85954795624
3468.809028324853,73487.11892893142
3468.829459969078,73493.27197726985
3468.8498915133023,73512.84774808792
3468.8703232574044,73584.78538933517
3468.8907549016294,73583.86134180732
3468.9111864457373,73561.96311649453
3468.931618189723,73620.68590130396
3468.9520498338316,73601.0675951016
3468.9724815778172,73583.28729788645
3469.0133447656845,73579.97198454416
3469.0337765096774,73563.08726875283
3469.054208053545,73614.71930997135
3469.074639697421,73600.77870720417
3469.095071441174,73575.22926289243
3469.115502985049,73571.10522088276
3469.135934628808,73549.43829798466
3469.1563663725683,73596.48416069838
3469.176797916203,73638.51841052041
3469.1972295599626,73603.73784560645
3469.217661303599,73640.92446837135
3469.238092847241,73628.160548891
3469.258524590885,73629.54515957249
3469.2789561344107,73614.85358695421
3469.29938777793,73624.95383344489
3469.3198195214572,73611.86768882671
3469.3402511649765,73629.0437564269
3469.3606827085023,73632.65334230872
3469.381114451913,73622.63164218322
